,beat,population,square_mileage,households,percent_white,percent_hispanic,percent_black,percent_asian,percent_mixed,percent_other,med_income,percent_on_fs,percent_bachelors,percent_high_school,percent_no_high_school
0,111,1982.5854540535,0.1067971413,987.8387308643,64.16457543434451,9.57163774172829,4.275518373212709,20.8137969895932,0.8763764753229718,0.2980948375020469,84026.5014610791,0.5109414957018271,80.73583043123446,17.439797347404046,1.8249770030888828
1,112,1075.2823547172,0.0860599644999999,451.5074692896,62.1131576054511,5.2245508685367605,10.79173613816243,18.980261464066917,2.311590066242385,0.5787036150831819,96400.6504483955,1.0227025137292365,80.78138056677258,16.16314886126092,3.055053434246978
2,113,1072.9518668195,0.0875577251999999,358.12784670339994,57.18616193032086,7.053985743521936,13.076308714200945,19.65538178132253,2.609474634281064,0.4186874567184783,101646.7576827919,1.5496198412898547,80.14189910090901,15.338368781492973,4.519615985917319
3,114,16145.434609535,0.6681101715,8563.0657117235,66.78360038283816,6.55032384119178,7.719142561869965,16.94831670759781,1.6619735928856991,0.3366427675511511,110367.1822424971,0.4413030465953781,82.73362743258936,16.564154100876465,0.7025406181825219
4,121,6400.4967745848,0.2642662481,3632.5147418855,48.64934947679889,6.675988433102814,4.641609791997309,37.514341935839184,2.051079357195928,0.4676308504294434,101550.3823720453,0.559203286813262,92.67503173932124,6.842914981737239,0.4823130021800331
5,122,4247.3190802394,0.2912123236,1851.1915225382,54.81566310812398,7.627290895146032,12.953006620573712,21.78830834872521,2.385945887154493,0.4297855327405986,82737.3089766553,2.033511986489944,77.16045262647584,17.102144368907222,5.737100959104376
6,123,12310.4368415824,0.3281185071999999,6414.1396122887,58.55627052216455,4.034362259905476,16.736601987583573,16.16408339061849,4.4459052314235175,0.0627761604356408,92468.26321565131,5.614835851616165,83.32855153641772,15.376707745194633,1.2959406188218436
7,124,3296.7770042922,0.5049563823,830.4149417491001,44.61317063078011,12.528155374566326,16.188530675173237,23.278566818175367,3.090728935576769,0.3008468199816685,110929.12461506788,0.695305981746716,77.47621524732325,17.411552187649384,5.112275081273884
8,131,11154.211806994,0.5734721234000001,6120.667502833,42.46012053725966,4.850027154683303,22.27171784105728,27.287990775939708,2.9517244291636677,0.1784194805653712,90091.03323450813,10.889242944781884,73.47334885992221,20.542192374863784,5.983544794674846
9,132,11872.8172091983,1.0441161711,6838.993242897,46.03111080543142,4.590415159567686,24.90776641130303,22.08346703618073,2.3872405876299894,0.0,93507.0074672094,7.86027523911528,78.88904461063049,19.33931563970744,1.7716495310478673
10,133,6579.018816196,0.7039747306999999,3802.5056894631,6.844723980000309,3.0828768723110698,69.91413598888191,17.104022056716616,2.723105705239295,0.3311357229784669,33344.1803444219,24.517540468462386,51.279096516464136,38.93736837942591,9.784322026044627
11,211,8367.9025499288,0.657401183,3339.9715841407,18.7359268839339,4.006257389497831,56.1873462923574,18.80399691942981,2.0795139978653383,0.1869587136735132,43458.9550481239,13.271798487960623,53.24084086166433,34.81357668605565,11.944203297115775
12,212,7450.9546230395,0.5194029644,3174.4178508327,3.309258639252256,1.1974256594184471,93.5397783122206,1.0438788865388542,0.6578185007346832,0.251840084994979,25889.1662400604,49.34303328188886,27.247245850639768,54.56244975440142,18.190891156340527
13,213,5649.065950615501,0.4792970193999999,2496.4350523057,4.615192986953772,0.9466582231434792,89.353059298278,1.925578542789858,1.4012315158929134,1.7582794328304447,21344.1671940033,45.632452951586,27.61705856009204,53.658571589624174,18.723645493938346
14,214,6992.2130132677,0.5682095371,3700.9241240143,2.529702938685744,2.394612225878846,92.33685617579476,1.2618430389904092,1.476985620778972,0.0,26656.5230844115,42.83370440541015,34.50059832309816,46.51260265832411,18.98671691593512
15,215,3738.7213829067,0.3424085053,1432.8426831286,5.224607544516632,2.081940669370881,90.32445708256654,0.8271525874591157,1.3291360608092706,0.2127060552508267,33216.7080229606,41.29771575185489,31.478711024139592,52.04432167929555,16.478138876676983
16,221,5437.5107896414,0.3273423949,2263.9318071702,3.707990942432629,1.0652137360102572,92.52228843217956,0.4409676906826204,1.868198982959616,0.3953403145544413,38587.1686076897,34.79059286898328,39.44145914647414,50.33324166243038,10.226117039619837
17,222,14436.5273146108,0.8975330609000001,7536.890204166501,18.677348650924447,2.4137339923108385,65.75057298771094,9.947494465786043,2.4902601047874797,0.7205896728800982,52670.2318755863,13.453839155254585,67.58680270498802,26.023725996364387,6.389690433701157
18,223,5646.8788371483,0.3264709705,2924.1756991035,4.511940715886991,2.8266868488169763,89.53750515324039,0.4571302438930314,2.110423817274304,0.5563133384877864,27874.2967401134,31.62488047914895,39.03610424742288,50.09210299330967,10.871024733977624
19,224,2969.8745485321,0.304018177,1281.3492544629,1.4238323724818758,0.1325567896443909,97.41134251185798,0.2294104545415063,0.6356009862379536,0.167257014888227,35404.481791864,26.68527965695244,29.21172205859537,55.24098869863043,15.545594407632946
20,225,2135.5126434385,0.3213922004,752.1323400269999,0.851748136925691,0.3046335629802301,97.42865154787916,0.1414253932740518,1.140830869723746,0.1327102750811513,26704.1946933842,49.04086657354197,22.552072389502275,58.99505183144404,18.45209692203717
21,231,2301.1347392752,0.2511063786,808.5382244296001,0.4108309811957253,0.5315281560415066,98.5763753964221,0.2076137841543683,0.2119003505390498,0.0617510415947034,25186.5403471886,47.35928309255105,27.869215785152647,56.058163220757,16.073185685795348
22,232,3218.0565851263,0.2858271933,1171.6170234292,0.0220059039723879,0.061358561242406,96.6151637213326,0.0,3.279465909449136,0.0220059039723879,30513.6533147916,47.30813901706629,26.75744165580094,56.61053970107338,16.632246758378972
23,233,8113.2485442285,0.8153672740000001,3573.4204451249,32.96201086868222,4.458713224135536,50.06756192288661,8.034812667609318,3.7907556317288407,0.6861456434217204,41714.1996828371,21.10709468312054,62.78019283494941,30.729926616019064,6.490558909936422
24,234,11117.9339231972,0.4466594535,5936.723672569,42.1211581102346,10.78968397942531,31.96646340226466,11.23790612354172,3.141937802653768,0.7428507614160166,42344.5271984716,10.541900465206908,75.22458916323048,21.064810986980287,3.709485145517768
25,235,8881.248183575899,0.7764731534999999,3277.1529668805,54.306823715331,4.883727571708989,21.801053511719527,15.888103656561226,2.7872842445027755,0.3330072427194799,69703.73426859139,8.990738103548646,82.88446593115103,13.893686262869515,3.221123862738077
26,311,3632.0141902578,0.289946035,1297.7900367927,0.2241307024993256,0.0132696936480248,93.65405757493365,0.0,2.96664011213161,3.141901916792901,19069.9788866412,65.36979856203902,19.998026982496537,57.95688869992402,22.044710502773857
27,312,4209.3570686968,0.478425595,1566.1417657244,2.348767647675685,0.173315881580905,96.15936105058556,0.0,0.5867054659904618,0.7318500948230907,17085.665666095,53.406770723755095,19.99951979761273,58.37304472391608,21.628387830667545
28,313,4816.841478769,0.2504596182999999,2123.4700748809,6.145186263973695,1.4431795223550838,85.76825049997923,2.062694355523856,4.580345027175029,0.0003440914336303,19078.363585965,44.56492684545493,28.961731117993512,54.38471846122571,16.653479912336604
29,314,5908.0467977993,0.4328323997,2068.6520281592,15.267178456876556,2.217760476145961,74.99360813271797,5.963983733696039,1.4675927098190438,0.0898766378336392,33317.7163345073,37.18126241745127,45.26627701268812,46.261551072692,8.472430290392547
30,321,8412.165743055899,0.8479163358,3026.8726193631,1.2045137070871748,2.0300642418805133,95.53825665178404,0.2290319406985556,0.8853269825428488,0.1128063048987519,33362.2597402362,43.35236356550449,33.85373120680386,52.2618819672381,13.885215206293395
31,322,4676.7379837914,0.4314095271,1848.1992111221,0.8215198287515114,1.077414174455224,97.4182350437363,0.1064774164398026,0.3212739627593851,0.2550796029720893,27847.805564796097,36.54729580974677,18.178271017059547,65.00281908543062,16.818099644212484
32,323,7811.128504884499,0.6420763685,2983.1134425556,1.3848039980133378,0.6796831525380855,96.4139298182428,0.0,1.3454320288532238,0.1761510023755966,46349.5434042076,29.5188638622444,33.22611971950777,55.4128532356872,11.361749771062462
33,324,6503.157639865501,0.5435577587,2633.4244674498,1.6016123738275885,0.7032007759409905,96.18517517584375,0.2478812756833832,1.2077687095591372,0.0543620489272518,24842.8371043121,45.78226617175921,31.396798136188465,55.23361858365416,13.370620229614245
34,331,11309.5649590726,1.0917585753,5864.8157924839,9.85580651240101,2.7205195625202023,83.89627311536707,2.4972591198809435,0.8787491412326572,0.1513925984019814,33958.1099477885,33.07612713731836,42.59518404198754,47.64303916752414,9.76218390909486
35,332,6699.634008797801,0.3827254984,3087.3345870944,2.3149461841637264,0.0366727902863589,95.2498027874032,1.0841510297908596,0.1764738303312417,1.1379535478100014,19505.0640107588,50.40619367877138,32.983118839806984,52.70824447315563,14.308600291316624
36,333,4030.3506514534,0.2650491685,1829.3020440059,2.4846948493895296,1.3977708690826889,93.03125109840217,0.0548689291514259,1.7916439954637755,1.2397707455871407,26914.4508236142,33.5065451932236,38.13402689490256,51.8387425412315,10.026930811527668
37,334,7910.3499795538,0.3796755131,4504.6823309708,4.534869240870612,2.4830223281963977,90.07855984378116,0.2377381529908085,1.9647525012675449,0.7010581006610294,24083.1995439017,34.30674305461736,29.3811268966375,57.967751802705,12.651152849790336
38,411,5992.3217488951,0.652649197,2300.5913227258,0.3135040802434199,0.9706994082756863,98.17049742640212,2.661779635404424e-05,0.2713186084375025,0.2739541126980859,29260.194671330097,32.148565344691235,31.46943504202899,56.36770702440413,12.162598953567477
39,412,9781.0284720459,1.3130663252,4147.248106343,1.3241432803304105,0.3747594231850017,97.1672037153528,0.1930476787759563,0.7662524750336734,0.1745934389640723,46549.5151601308,23.97755809280384,32.364472824703455,57.18195881205348,10.453358815785013
40,413,9557.8858520489,1.4236282921,3752.3966617098,1.256743557535274,0.6408543232148932,97.15023774353917,0.0519892035468784,0.8378320593997642,0.0623432916278514,45421.4146763528,25.744965151954712,33.6251185651493,53.73103490147585,12.643787411926416
41,414,10300.3572447561,0.933179764,4402.295135871,0.7006772945272634,1.1601567376533224,96.51160369764332,0.0,1.568133146266663,0.0594292281407657,43118.1778174998,25.0608208390172,37.07596387307101,55.093188275361385,7.83000848984994
42,421,10040.2611718019,0.6402994797,3850.1143701078,4.354812841000336,1.2125626338996005,92.27189919160192,0.1783574277090859,1.7745748528882537,0.2077928935852152,22492.0757097294,41.59683487285232,25.071378261816967,61.24392734735841,13.684829988661676
43,422,5280.4263426937,0.6134623322999999,1834.5028705512,1.7497435467770803,9.205791285027637,86.5111809132262,0.0,2.064077842591398,0.4692061941964519,32880.8236342885,38.174335434939,24.163483257055383,61.546508008906976,14.29000006677714
44,423,12259.8654568437,1.211218602,4266.4021181181,2.1870359757580027,18.38178375605505,79.11238575980117,0.1250699612183801,0.1005577588709844,0.0931667475006746,33482.8874008037,32.442698239523644,21.886604281646672,58.04266016638999,20.071466769066102
45,424,8449.3667573486,1.4768600666999998,3019.1264854907,3.741932063278238,35.75041562339977,60.11439508135131,0.0885009536069246,0.1692976333612101,0.1354586064067545,22536.504665142,53.68914822010007,16.16756614101595,51.53597207396102,32.29654694944787
46,431,10384.0802219155,2.3371669678,3629.6268215902,5.535534713805078,25.769670113453557,68.1389275413552,0.0077915233146258,0.5480715255684118,4.507165680521535e-06,36492.0436946072,28.052396700364103,18.85286789256452,62.37410403094349,18.772992027442623
47,432,17478.995772888302,2.4312671837,5097.1385702733005,13.743394798253616,80.97063748642765,4.865441340413296,0.2365294899437367,0.0632537807500884,0.1207432970447624,42206.321492235096,24.96169153690832,16.06537170699548,51.1479758523127,32.7864824850441
48,433,15205.8377980509,5.5954431103,5642.3153500240005,36.30054740483838,58.03957357100605,5.106447525796505,0.3261741353275349,0.1554252132679555,0.0718322602961086,57592.385224137695,13.959010891974511,22.429622989093136,58.98310726128455,18.587460440039624
49,434,4191.2968927708,8.4058003187,1456.8279061313,11.6759382393091,36.59171987785186,49.879328481191024,0.0043729833364019,1.2817977141243255,0.5668429443325338,31128.8970486492,34.273019348003864,15.15289175759677,57.874594522182,26.970962114059667
50,511,13572.1861430587,2.4979992280000003,5139.5509053143,1.038567938113567,0.2352960925387293,97.17682391044596,0.5332637462588548,0.9210498938937176,0.0949983072932883,40540.7340014035,30.2245054584415,29.622935474374657,56.75956738611732,13.617266436003096
51,512,8032.4445271379,1.1346558015,2860.1909076422,0.8480167185738546,0.3362713596208852,97.57098543487334,0.494473268617173,0.6923802159654207,0.0578731684619101,35135.010550002,40.17462631389655,30.39372042342797,54.47934130442613,15.12645079198666
52,513,7704.9753175289,0.9811966084,2619.4684369808,0.4485538164680872,0.099663488405084,98.43747575361073,0.2438966119378423,0.7252849952635867,0.0451254199256162,33444.7825690671,42.8067350825277,24.286785046016,57.65216746531665,18.05989425843032
53,522,6194.5554921104,0.6349415814,1728.3525173839002,0.7001312553295802,0.5606674168943102,97.02358866545748,0.0003164313068946,1.7152894748724017,6.756189375218872e-06,31979.433941580297,46.80280480755791,17.61342150029044,61.76230710174546,20.62553298482835
54,523,10875.4850674276,1.3155852863,3457.2867499174,0.8078585210984189,0.4595016693579095,97.60834979996966,0.4646105198961175,0.609183939500095,0.0504955505345468,37911.41050822,39.30509648306337,25.437757600581545,60.25266201171138,14.311396716738386
55,524,8125.923221478,1.2358159164,2825.5831746468,0.9392923657272418,0.7937938833154239,96.72317360243814,0.2315389667868146,1.2629413257381692,0.0492599322513896,42772.707613613,32.52151425892696,23.809457757888985,61.2656513011576,14.924638427590592
56,531,4542.030362935399,0.6162740375,1833.9205566211,14.284849438456476,5.6884116855511815,77.83831017672973,1.2276377642698965e-05,2.186398798138383,0.0020176247069553,32097.605410620297,39.65893406998151,26.197984743789902,57.05308897354752,16.747330190258445
57,532,5666.5041804368,2.3034128895,2048.9796520397,1.7565006873325486,22.91610668374557,75.21191667770859,0.0,0.0073708572781429,0.1081050932415935,22929.365870535898,44.916219172671816,14.715621642949351,62.21443235415055,23.06928217243513
58,533,7209.7159441686,1.9714955166,2117.8934190781,1.9979166452709765,3.227190935287685,93.98650386240706,0.3573553303433378,0.1561443734521247,0.2748886743205169,18121.0079388241,58.65209965502955,13.614081256848962,62.24035257864892,24.14780358134405
59,611,7932.649320728101,0.5662488323,2867.252571498,1.0207162198147963,0.7009697683131193,95.1415526732357,0.1309526354600852,2.6054086381260837,0.4004000627105079,34788.9174089895,33.724459315968375,19.78186222586379,64.20640495004307,16.011287863546805
60,612,8845.575894592099,0.5683184652000001,3589.4356178021003,0.6957674157804289,2.150149614542089,96.12295702234758,0.4601231282395417,0.4140581395858222,0.1569447511980245,24110.8674811866,34.957151876280854,21.38060667420599,62.013219934989394,16.605964434001898
61,613,7359.304326134599,0.5635460551,2944.2085644821004,0.7725547751897677,0.4045210309985422,97.6163344857144,0.5012034347270093,0.3368545260679657,0.3685317472574915,36421.6498440981,30.64029766335817,21.466508476269105,58.45012436233085,20.083452886781423
62,614,9359.4152677674,0.9335337801,3591.7614279086,0.6338208242794496,1.1584271786389393,96.64556591304566,0.5076794397844306,1.026246179244614,0.0282605083173208,42260.476583701,28.52999808436543,23.305645047485623,61.82937593386691,14.863753503981153
63,621,7119.6630737109,0.5690809615,2523.3408826622,1.578729794104076,0.9435989547421656,97.11335765547148,0.0,0.1803266715064966,0.183986983333081,25675.7958779037,39.44399906892968,21.35029868273908,61.64453500444584,17.005754722408795
64,622,3506.7352452526,0.7440125956999999,1316.2749502629,0.0578960223258529,0.7984941493004842,98.72219978209182,0.0215065670789091,0.3997495592567961,0.000153605873363,32196.855677787404,31.540768465895315,27.990641561448847,53.24144884223983,18.76776094614053
65,623,5823.0541144777,0.7486079977,2381.4786235072,0.8145014994138371,0.5958837267960424,97.44135166216871,0.0,1.066404257139036,0.0818590743395066,43103.9313827213,24.938954974735022,30.70238070766271,57.90580173179222,11.392589890867864
66,624,7480.696752370301,0.6020453115,3289.6866886285,0.7446998878593545,0.7694603816183496,97.80139529716418,0.4100592279292749,0.0884247741148452,0.1859604313407327,25555.5566771856,46.31776192373044,19.179204375091512,63.64599046882245,17.174471526145933
67,631,9395.2090423392,0.4553668892,4119.8125414555,1.31537637442105,1.4014394115664883,95.79374121656473,0.3284176915910075,0.6758459265563144,0.4851794659914313,31531.972676955495,41.47776603332032,25.93827647607878,60.258852333869854,13.80281274933849
68,632,9427.1104087627,0.9565312139,4359.4241835663,1.997860722162896,0.2748861234075773,95.99837311868174,0.3261511751959577,1.4027288605221286,0.0,38250.6572981674,28.933418186462127,34.5067410026081,55.22960042919025,10.264195543222254
69,633,6189.9060640525,0.64575269,2390.0023816922,0.1953479318841799,0.4238453906960208,98.16597703486512,0.2724608396344309,0.6698720748316724,0.2724969426637317,37218.3769631799,34.11224665616244,36.302516699907166,52.30956242193302,11.387345186015224
70,634,4818.0542723593,0.6843472584,1810.3173724377,0.5034946847852972,1.5031734773513796,95.6042049384016,0.5600533368792183,1.829066028414554,7.068230882198828e-06,46076.5587000888,32.4435632938065,32.583769276416,53.971282048210334,13.445530368857955
71,711,3918.2475694626,0.7217640423,1334.4128694534,2.173665678807051,2.6794812659272456,93.60520556786904,1.4593126656476776,0.0823348951363598,0.0,22100.915444861497,51.49159785131218,11.993903747782031,66.44804044381516,21.557005283505404
72,712,4662.562945863499,0.4882155032,1393.6293094627,0.7828581557356331,1.4870624876241585,95.37151273097436,0.0403563659868515,2.3181010172331997,0.0001093325700733,25348.9735087012,62.63154455782933,12.692272929057465,58.52734126696879,28.77912048862718
73,713,5002.7269593797,0.4878887189999999,1621.057864345,1.2840813801332296,3.5611548016801984,94.93642255084396,0.0,0.2183414230756733,0.0,29756.9998642827,45.456707891321415,17.415971331351493,60.08447399339626,22.498303059465176
74,714,2916.1875249677,0.3820038501,920.8100487492,0.3389472813312813,8.792423972681249,90.23824042424523,0.0,0.4427020821660977,0.187686314218103,24349.7694973242,46.72645788767776,12.480774113754606,67.45007870058538,20.06997018442937
75,715,3426.8386427875,0.3613211373,1068.3515955227,0.8271956752256628,15.675139329649191,83.06005286737404,0.1563321757934374,0.1300729473178292,0.15120765170271,26543.037880325297,48.82041545503712,15.463136558533028,63.65113509342712,20.884339800247744
76,722,3172.6667077406,0.4742114412,1442.7506196621,0.8476190731219638,0.6221990933317406,97.99974711652288,0.0912251399032437,0.4392092828724355,0.0,16816.7901884043,52.67398069407764,15.851145014609124,62.83323350153992,21.31665857410425
77,723,4371.3134405787,0.3791717209,1664.5810864576,0.5044714256152865,2.030343065777741,96.72521277230923,0.1153113461850654,0.4066676094278569,0.217993638748048,16898.5454186323,55.94808090746152,15.630613163576657,60.10346262254864,24.26700417949144
78,724,3283.322524217,0.3754273193,1324.0702905467,1.7435697005353488,1.2502205260322157,94.45541223054184,0.0,2.085541611746772,0.4652554047227799,15602.5810680939,54.10983789350651,13.794218691546185,61.25971043572298,24.94663608230644
79,725,4577.2013512709,0.3756587914,1417.8907366861,1.3534135175525863,6.442032525596197,91.1849572182384,0.0,1.0195811701082833,1.572521383181337e-05,24247.739740405,46.92002935903813,10.343054181437362,63.41253754333399,26.24242497298292
80,726,3738.3322872256,0.3813162418,1144.0233721687,0.0921814393807534,3.394119213689975,96.13178043943708,0.0425177748118162,0.3393847160123877,1.666967920774329e-05,28916.289161629706,44.53967869399976,10.621877094127692,65.16930235265544,24.20860631071219
81,731,4678.1661464085,0.3539548782,1575.2407421510998,3.5507544962148327,0.4279172239034017,94.71396965658758,0.0,0.8618890789963659,0.4454697153220829,21443.658866839494,55.52875211747767,21.14344115991481,59.93846987871501,18.915879244835292
82,732,3281.7939804965004,0.374739711,1111.3347711437,0.0663629069479403,6.343370763831589,89.46507472106174,0.0,1.496365908711629,2.628825668256844,22130.4222765992,46.739979457255245,19.918875418499525,59.31250002552038,20.76716212092529
83,733,4067.8106286492,0.3698515649,1426.028439851,0.0,2.321017095688948,97.67856178280704,0.0,0.000421121506477,0.0,27523.960831639502,49.154308498247055,13.369181572394526,58.01756595858796,28.612432670897235
84,734,3573.3693528020003,0.3706344853,1108.8716956373,0.0280149146075544,1.9558129622956024,94.65286684237458,0.0,3.3632851378926376,2.01427456536392e-05,36209.8942953778,35.82379592265586,13.859349417184374,63.66170974025055,22.479091213737448
85,735,5806.9003910833,0.5715726904999999,1737.2843870397,0.776236765829748,6.743960940227919,90.53999235848576,0.0293271393050759,1.9104827167184064,0.0,35299.6462495934,38.3132710318653,9.415540837972694,68.93024195402201,21.654486268028965
86,811,23146.6694772763,2.1448817342,8402.191607385,56.5566120269413,41.08720574665497,1.0108342714536056,0.2247361993636638,0.9913984742426224,0.1292131449462395,76508.2205418794,6.847044308145101,34.94651582397925,50.81833585148424,14.234715689901408
87,812,17257.4079352845,1.4065470129,6248.8395859703005,50.75303516140593,44.96430339522468,0.9856812783408062,1.9528453395266172,1.304537745220129,0.0395970803235656,64309.689781816,11.028109515057974,24.765684518845323,60.71360542119197,14.520283839096129
88,813,24325.415719478,1.3810510421000002,6658.474396145501,20.48027249714032,77.51931279717941,1.6205110725296137,0.2071829410016821,0.1277913250391392,0.0449294397741726,54172.5126588945,21.540370074120485,19.99117595358152,53.31088872035256,26.69788739173851
89,814,9600.9987977028,1.0303027332,3040.0671273212,28.413732325438065,58.58573898728777,11.298315583436434,1.0462905614636198,0.5938384044578952,0.0620842842395335,49763.3613045173,17.929199141042893,21.097581307195977,53.15823848971812,25.74260010512184
90,815,16260.3301385457,2.0317395342,4675.5790595145,20.762713432945414,73.68801544352989,1.6793208516565972,3.618523568177222,0.2086982594834024,0.0427284816636656,47868.7777953813,19.605133834457774,15.988082649732954,53.43090709377797,30.581224755907144
91,821,10199.6771260756,1.6719706215,3009.6839348696003,10.391627795212464,80.4750938224293,1.655218900776689,7.127298902696771,0.3507603081536486,0.0,42488.2791577752,23.307227729904216,14.720998470292905,52.01421340094588,33.26569989514342
92,822,21216.6180089933,1.1395779876,5113.8397640669,6.403689518934624,91.49203248419492,0.9597330966329708,1.1211570196516287,0.0233879818065096,0.0,49586.1425165499,25.808496536502624,13.301399012046952,51.023145194721295,35.675226227665355
93,823,21821.9396880401,0.9468774658,6046.0129143148,6.202566373984713,75.42733107032522,16.873824310317808,0.3054617506180393,1.111293588385315,0.0795229006686828,35823.5209380015,36.69183292973023,11.177976851339851,48.767286652698495,40.05507398124245
94,824,15927.9907295003,0.7447819,3802.098959659,2.6585574892846813,85.96735734394339,10.379719165078065,0.7719611513526885,0.1134239144579586,0.1089808106539786,38648.7877737376,38.37766004766661,10.187644784661083,50.73115434038616,39.08119937737309
95,825,8436.8475849986,0.4965076507,2484.0925205769,2.3010487003355315,30.84933231595687,66.26664122473332,0.2015508193621447,0.3814271895218235,0.0,28109.6202636692,44.86631126971737,11.242578070619578,58.63979772550463,30.11723957397247
96,831,13481.9189666639,1.251317739,4097.5056904929,4.115565976041461,48.9579813938378,43.50123490012672,1.0190381233718109,2.155969368904502,0.2502102592094667,35366.317305149,33.415366864164035,14.937382319972809,59.78341403164805,25.27873904776116
97,832,7228.8917662614,0.4873304628,2359.693023616,1.5011063785330452,3.5101959908044407,91.72419399690364,0.9083085790639528,2.356195436357857,0.0,31568.9063397127,41.95377233207443,17.195943794799675,65.17381352805134,17.630917184574198
98,833,20686.7636150012,2.3954094325,5567.5441720224,15.025623871403337,76.73709675096985,6.750246433310535,1.0875654266603216,0.3994420012687673,2.536863038447638e-05,55784.51405538769,19.674778290048074,18.51184625593407,52.28455834322837,29.20521874202402
99,834,24860.5383248726,2.2789789671,7311.466564900899,16.343187931682575,48.61848971271277,33.09322530819759,1.059159192768805,0.8024803857654292,0.0834573602545122,63208.667954019904,16.316677893885302,28.132346909420026,53.63675571202327,18.2306292621099
100,835,17108.694731813797,2.4005698987,5436.803717146,4.744362904603927,10.544448009628756,80.89829899788077,0.1878492788204234,3.549128777945213,0.0759119383230886,65796.069374229,20.774236545241635,29.256334142218236,59.73570506026409,11.00746445235632
101,911,11691.953362235,1.1236336448,2792.4659144959,6.610601259340407,68.19685155935997,12.249129297326686,11.969443118700422,0.9730211602678936,0.0009532735236526,39498.068904582,28.37354012407815,13.46021542478464,43.370505315345945,43.16992571914237
102,912,16085.4576636189,1.6291959394,5126.4545643577,16.897268611230206,62.75443415152964,1.0222760777320952,17.764516791112676,0.739876694730143,0.8216271809102269,44375.0728876252,23.68844657605681,26.40711085824432,44.09315588983293,29.498915210046484
103,913,15112.5820580951,1.0026622415000002,5716.0933776852,29.520505739733505,31.14581631094677,4.508345196039118,33.195714372384,1.0118039242671537,0.6178144924916209,39761.8074244887,16.110794349758027,32.49062841442168,44.18705093642784,23.32257717027523
104,914,18798.0531583184,0.954502429,6614.3954577718005,13.360952223319371,8.209307271408138,2.3067388940498668,74.95197220696917,1.1423163367334,0.0287129395323129,34882.1704117249,27.170477055874613,27.280651572435676,41.79426034689548,30.925123713963803
105,915,12204.256051973898,1.0695576779,5094.4658048805,46.43590181686906,18.39106075230517,7.985791194263485,24.80703297883229,1.587627769240894,0.7925855015566899,49977.05764038071,17.9342881652325,37.54288060914827,43.90521843625734,18.551901946313247
106,921,14640.8062483577,0.5189740602,3902.9790565601,6.370281957535768,84.76578458596028,2.540289727445981,5.882778959410196,0.4408648454175146,0.0,42931.6512586752,30.04147316656361,15.254265172925075,40.71949915901115,44.0259628839428
107,922,15971.6395732396,0.7887343667,4376.3981436292,6.138588053703082,88.4275643751038,1.1781358101655002,3.687994697008578,0.3374254312305945,0.2302913480355948,36845.234603721496,23.86600645430205,10.389569206970066,43.41569662180323,46.19484017207855
108,923,15721.7133534635,0.7679835739,3845.0810112919,3.9965538168387935,93.6986058953495,1.763703809509503,0.3328348270538355,0.2083019656282275,0.0,39854.036345887005,33.02103173451998,9.304658470340089,42.78676948168346,47.90778428678711
109,924,8448.0858287017,1.4804070362,2243.9265911135,3.885642698700509,88.88741634859225,3.2469537025638298,3.933984640883732,0.0459699684620371,3.2750714849510495e-05,32055.5830103676,43.72291613191078,11.115294208963467,47.02837506831938,41.85571073348461
110,925,7061.8553474043,1.3122902129,2495.9806768462,48.37018160722939,25.419585346468704,18.230012861316915,6.096877618397502,1.4333703261424915,0.4499722973280659,49328.27593257769,26.748312547947616,20.939769924455884,57.32556602062153,21.73281544154594
111,931,9430.2651996819,0.4870853746999999,2757.9066599788,4.763524508611411,87.03748451472147,7.238668619916716,0.10028552203727,0.6495638949757879,0.2104729956202029,28758.3714849528,31.30849159875981,6.354174130161939,56.499519670263645,37.14580983007412
112,932,6293.321143256,0.5138952901,1787.729411639,1.0782766416905163,49.9704143533928,47.41188260183826,0.5461821928527281,0.9890558531102758,0.0041883703643896,29746.7603705726,45.846157494046125,7.1276890839309655,61.32294571838478,31.550541180143032
113,933,5772.319410980799,0.5011370927000001,1679.154298457,5.511669065964623,72.42312072414363,21.250379914369223,0.17421137768936,0.6406193097536299,0.0,23288.5595414788,35.50342249159697,5.5669311266002826,61.2181284039779,33.21650874617088
114,934,4736.776175774799,0.5263198953,1389.5501867068,3.961453582824329,10.049874837698738,83.6838149481386,0.6306388745107597,0.5624517148784665,1.1117660506406777,25817.030909895097,47.72800626121887,10.833421794570128,67.02731371649907,22.14005107022256
115,935,2397.7288410991,0.7575400975,883.1394914921001,13.469041935970614,15.258216856281251,65.0410160741168,5.983244432132625,0.2484807013777649,0.0,32674.111757686,33.104193479011144,13.606227558386436,69.61901551596581,16.775508188618623
116,1011,6659.7316820856,0.4750284016,2070.629953315,0.2152868475147031,1.4621374748630362,95.85709132090294,0.172428164230542,0.0822120397076626,2.210844152872697,22207.6163745551,57.02041460200425,11.760390952715106,58.4058923549907,29.8329242224369
117,1012,5153.0771638539,0.4758249378999999,1710.6988405088,1.2361837211643598,1.9571703794781252,94.7849484739674,0.0418626947706456,0.5141097797958594,1.4657247246500078,37273.4718717216,50.55071774769532,16.849898648428375,56.70528070122304,26.44460331928508
118,1013,10122.1456331171,0.6303666035000001,2815.6593419422,3.796438344453668,78.82209520104819,15.626671344195046,0.5796619946479802,1.067218861397015,0.1079144680952016,35751.3404892403,30.094808848640717,15.132443538546644,40.81517959022968,44.05404490696091
119,1014,5040.4898518732,0.3154760459,1638.1400421727,3.435488452610344,4.335903631274643,91.56367274621788,0.070684229025398,0.2219508660699399,0.3723001438803824,25118.2089632609,54.15997331169966,14.137222050680458,58.32622599143055,27.53755830103274
120,1021,5045.739428846599,0.2717890913,1587.9101509732,1.7129266530110316,3.4850427881765693,94.21944437002622,0.1196193473545995,0.3134157268326267,0.1495511394179331,20502.8165944519,55.47613870077638,17.864900807052614,61.01944676548566,21.11446098830268
121,1022,5153.775437372,0.5939437879999999,1711.1433853248002,3.4158108846738475,12.678913690022975,82.66748242447484,0.1508654775452293,0.9437801125848536,0.1431474318982341,21740.5678574844,46.08139738627032,14.894490253094572,57.99976391364447,27.106134985720946
122,1023,6040.1416499567,0.5472068482,1780.1813259670998,8.669944058430385,70.3497773858327,20.293435668856983,0.4406843409887716,0.1037622467884495,0.142396445220149,36177.5059286056,27.95422612582203,19.20789980096114,41.57767047489555,39.21439318346284
123,1024,10175.2697273014,0.3577673597999999,2966.9306593706,1.1500523562006382,85.43170019270694,13.403690196270718,0.0145469673646927,0.0,1.010747653441085e-05,27417.5311140442,45.13703042795049,11.988705611253163,34.14905836275765,53.86259667085637
124,1031,19461.2858459226,1.583575512,4900.0663412233,2.2121663456692864,96.44584267552692,0.7988364855196439,0.4279724923646305,0.1151820129536632,0.0,34289.9395075565,31.99753630506305,9.41438905763618,40.14836953845643,50.43842213488927
125,1032,11696.765700830802,0.6350845495,2940.8510585840995,1.9075698685359823,96.2930855553471,1.6379104858806584,5.582760368993442e-06,0.1104462743472959,0.0509823762330849,34118.4838382141,40.55435481161053,11.191644639284382,41.05642204585277,47.75306903984809
126,1033,12579.9155622272,0.6460658582,2324.5171668042003,4.9444443533091365,65.67247614290221,28.240637617220425,0.3474312313361984,0.7950001400454055,1.0248243667636757e-05,26637.9464889786,37.25374286375157,10.054681859559416,40.6335644150516,49.31299199684697
127,1034,11860.855430818,1.2856981536,3023.4861756104,10.402150680680796,65.57443851001479,21.55287162218617,0.7931878505866901,0.9143032401594746,0.7630476930790671,38438.95954901,28.769610932045698,20.57147366518827,40.2255901789526,39.20417650294347
128,1111,9376.2042281262,1.0359669916,2542.6845688366,2.056628359542858,44.64426073088795,52.65105118352649,0.3285168119504127,0.3194831995856225,5.973042890000305e-05,34871.9311600747,43.59532604405539,15.273916683788652,57.375823356497605,27.350501474273752
129,1112,7155.9580668629005,0.3155917819,2131.3582170366,1.0296122364059628,34.5250220351778,61.81812703352797,3.0481151225585983e-05,1.0554922905719577,1.5717159827979024,28693.3338697218,48.60795379137854,12.580415957057983,52.03293960676538,35.38703585502304
130,1113,4035.1883439222,0.3717578058,1211.0050162322,2.312269786324476,2.4385584728234733,94.34050061171064,0.0120481267158758,0.8363128423318685,0.0603101601159591,26372.0360685332,50.985766569236986,9.43954186793884,59.88500200390404,30.675271148777583
131,1114,2191.7130021815,0.1997604207999999,711.4979971061999,0.9677562816795996,2.761033245770229,96.27118633944971,0.0,2.47200020924607e-05,0.0,27976.4430704782,43.88311334893275,11.691137852643289,67.57328051951684,20.73603178423669
132,1115,2493.9577806279,0.1719088809,759.2785875728999,2.299486052336521,1.6961281933469623,94.29115476456649,0.2224592212504567,1.4516126974926304,0.0391591896096219,22484.559920812,54.26268907803785,10.280840255426376,60.78854552597445,28.929016312341755
133,1121,6090.1961181019,0.4416623793999999,2057.0913575263003,9.472334212751008,29.05003555090273,60.84611996836024,0.0728731482506544,0.4892917409938392,0.0693455896871224,34102.379689355,42.45247451281633,22.657446468208285,56.52430747036531,20.81987835988801
134,1122,6806.2309073613,0.560782006,2144.1936306516,1.040529117106555,8.318928038113118,89.59199160696215,0.0730066899805847,0.6805057170673704,0.2950387300595593,24959.501213335,53.79023787380633,13.02305833349054,58.83735177982279,28.13960513712956
135,1123,4189.126404832899,0.3853942354999999,1602.2483547091,3.5635955990102137,3.0586753968172773,92.71585987753524,0.036533482924611,0.4686095018797374,0.156726112122699,19291.0854391082,55.37148979591717,16.150977450915583,58.67129330855703,25.178060260836386
136,1124,2599.5573543312,0.24032931,875.7002531234,3.9809148664205702,1.4121877743468645,93.53247964051732,0.1301360900679319,0.8485907687609139,0.0956907703327046,26221.823853667094,51.16260980299904,23.12534979226067,58.01821336393099,18.8582307703979
137,1125,2001.6350449239,0.1773008192,657.0151778308,5.746990689662583,1.4458666352786758,91.21184080252314,0.3122372221524335,1.2830644919976617,0.0,29778.1448783262,46.90361093386505,21.868742455721204,53.9924890139262,24.13930693394017
138,1131,4083.0648885173,0.4743884493,1246.4165257498,2.110205454167739,1.8190285430455335,95.54905451245732,0.2555218921536322,0.2038213682913587,0.0623682300901353,25611.9194116846,51.876634766907394,14.057259099924517,58.60220047000656,27.34097899152647
139,1132,4737.442474297,0.3779462804,1341.5763068295,1.18550393000464,3.017789812770551,94.7004106037434,0.2404657114214452,0.5816001377576336,0.2742300702728393,25486.5026906816,57.833453582309424,12.04759637232888,57.90641255602308,30.045585467138626
140,1133,5448.1990676341,0.4715835521,1812.4727435719,2.654415950889637,2.245508860610089,93.37178443555996,0.0,0.6640522029421881,1.0642385203571283,22584.301373323306,56.04063965876167,17.283945879071183,57.749921633932445,24.96698123909509
141,1134,4540.9371914186,0.3524571176,1507.9047692988,3.395831548514036,2.862647213069919,91.93421409171532,0.8140246280911948,0.5102126325086237,0.4830699057422367,26950.1486783432,49.20040615091317,20.9877585093192,56.127434698824295,22.885834147031392
142,1135,5731.9905515696,0.4950983940999999,1740.7439555997,7.858818081021574,12.37438417977105,74.81622233898108,4.550775034464615,0.3590962187187071,0.0407041481089166,41588.7723570931,36.54300681639028,28.63969889678384,48.62725306976161,22.73370721893655
143,1211,8975.3466038192,0.4450187248,3664.5591247224,46.34312267419024,36.21708248882887,12.402803607744934,2.77075339658392,1.8435110343849297,0.4227263888344461,52414.7260596266,24.717507707266584,48.574230497358926,32.65034991310424,18.77501919444818
144,1212,11552.903249878702,0.4409951950999999,5509.4048741092,72.16900295480565,17.24181636504585,3.742186619716903,4.01980309214808,1.587850947288302,1.239339798763599,75075.4518788792,6.167690087749119,72.86796005027479,19.64218732236268,7.489457375081926
145,1213,10091.4630816478,0.5273819438,4403.5227617957,59.89309925951274,24.15037521868088,9.551053228695135,3.8782477962719177,2.3992972892129374,0.1279271544448044,94449.321751968,11.825289531317273,68.11027120986569,21.029257501305977,10.861012559058205
146,1214,9832.4654656891,0.5995263504,5460.2579439665005,74.4942735987058,6.013562305163516,7.404683338190339,9.892138055738734,2.1953421758870317,0.0,114927.3795307558,3.743237397527129,85.39036186745476,12.831772712068071,1.7774072954451725
147,1215,8522.5725006054,0.5738397555,3874.1975998931,55.03748419144458,27.594353952388715,12.043227840261734,2.766888812148553,2.5580454632039045,0.0,84770.82460313929,8.269277860371393,62.9624955068207,28.232456335522517,8.805328235099683
148,1221,8780.1777833554,0.8760674278,3648.2306647386,47.95597447173085,32.71865724178945,15.53615737382142,2.377348270934788,1.162790832336469,0.2490720595334305,69107.1719233827,11.710345482829029,51.97496294063162,31.802918729866576,16.22087884289066
149,1222,4391.6733405895,0.5142016502000001,1644.4825347215,13.97999178640158,7.266934470075167,74.99022665849124,1.8290743884293,1.7298496677487978,0.2039225998169953,37605.1767383331,34.765483875535466,31.39906804186192,49.46022837021986,19.139817083339565
150,1223,4419.6601334915,0.5187357801,1511.5579751878,13.40724852363446,5.938273627575638,76.1133151661054,2.258411974907843,1.893065737496055,0.3896846069992752,51316.948551979,40.80831009244366,39.3887514712698,43.03521162812966,17.575437130401717
151,1224,6220.1979361588,0.4966097707,3534.2910465511,53.78377035903847,5.861657263412713,25.231004766069766,11.98228157828629,3.139978140734423,0.001307775820559,79138.2515109088,15.20541621065191,74.7403220604048,16.33517830670808,8.925201525024264
152,1225,5667.5117570751,0.4937299854999999,2223.8963690552,21.892349457147475,15.072423754251782,51.39228057278654,9.013024069381409,2.364736694409015,0.2651856930201838,32263.3713725364,27.078097489580134,52.30387046233176,35.54686681804276,12.150561257762872
153,1231,9697.6986023341,0.7543539520999999,3824.9287100366,42.92388533612412,8.870541226120935,24.093701789125817,20.51561338594133,3.221625987288407,0.3746322740052543,59372.9600270003,11.861446800224384,75.4399157949296,18.76090281853489,5.799851274303094
154,1232,14033.102576563,0.9498525631,6047.6002554574,49.53669242662427,10.060211180558971,18.4289266730159,19.817698891302012,2.0402533455244183,0.1162171757800575,101969.7518721236,12.27441018711573,72.47256638954718,20.100796552999864,7.426320680216991
155,1233,5866.612595444,0.8931010509999999,2589.6399573683,13.5219937175835,50.44283681005928,33.82166134837018,1.3034624723504964,0.7744554268844033,0.1355902482648588,27884.5421956084,33.24477078863127,26.36727341586081,41.88845295924124,31.74527005182545
156,1234,13555.5789560353,0.4942814337,4490.75420895,10.366204101261705,84.07129559180831,3.568040957489744,1.3351135152078613,0.6593423436533246,3.704964587856237e-06,36515.4624226998,28.342599195726127,25.59318188835995,37.32939219449778,37.07843389143535
157,1235,9280.7639182964,1.048541373,3705.2574171735,22.96161064863585,64.3776275359716,5.341736408769697,5.75717495552973,1.181693576904727,0.3801568422039589,44545.3720359385,19.145305965976373,40.71358443353444,33.6074596188694,25.679930613872862
158,1411,13155.9378584674,0.7244940514,5133.0202736902,43.99122959170096,49.16470594854268,1.9836336939113608,2.761033374106524,2.04443137708719,0.0549664761683696,59873.8081694446,12.128096754520492,50.55817735773424,32.30998603868411,17.131474266462746
159,1412,10478.2367585721,0.3780620164,4183.2351710351,33.24127997094954,56.143071354886686,3.82936948488726,5.370515267116236,1.3303625917162063,0.0854015539081925,45750.3256580139,13.352906086340925,39.90140609312331,38.558275502500905,21.540568739615463
160,1413,11460.5753325573,0.3791921449,4195.2604665314,37.390348186104696,47.86377414491528,10.63356633833031,2.1504238976003243,0.918884578430683,1.0430027727074611,52701.0648534572,12.955585013921135,45.22601943820048,39.76167863204032,15.012157988165487
161,1414,8001.169984296,0.3830046265,3521.3377889551,54.302054392651264,35.39644324196659,4.866497430000047,3.437067412570375,1.9516401261688676,0.0462973736349876,65912.3392138554,9.176954082022046,61.87166864265819,27.43054769137945,10.697360827515986
162,1421,11004.0688027844,0.4210681707,4054.5831755652,32.98937208813293,51.531810862182624,10.452711260529876,2.63343440400495,2.185419076367909,0.2072521796213167,58008.0758941274,15.356490243560115,46.44135837924374,37.64357551745006,15.914620331279371
163,1422,12864.0147917059,0.4605750114,3945.4552958157,13.23674034156948,69.056896433819,14.682538380613371,0.94191295923667,1.3389156708048175,0.7429959485589587,41424.162569353,27.964444852907494,27.41442490712678,47.01899506405617,25.56519438469641
164,1423,8293.1237035907,0.5107431847,3119.4079207001,34.127181191063094,38.33774773418858,20.91420274571129,3.502111024467773,1.3867595434046838,1.7319976647654385,53836.00803428861,21.306446202497096,53.12028297197588,31.20310305946684,15.67802628505756
165,1424,9525.0162815966,0.4192844739,4168.7878903927,69.64510655691758,13.892194974866722,6.799960743817561,6.451050282632195,3.211687175873491,0.0,99156.24979644029,9.612143111398575,78.07880493925788,13.968893230277365,7.952215022241116
166,1431,8092.922707851099,0.3790287528,3550.5731937043,49.4089411692633,42.386269143741,2.887290543089161,3.450068170577383,1.6828356015148755,0.184595165531573,62351.7890681528,7.877254761122184,58.467823559244536,30.60261506967553,10.930185872476647
167,1432,8523.7865785723,0.7432637154,3758.5467835035,71.33150286448513,18.080891919147987,2.229983064604575,4.675928793960468,3.47157444310934,0.2101191146095057,101041.58201115928,3.9997561916861,78.09792434180711,17.76746614172305,4.134185197798924
168,1433,9308.1951966475,0.6710648448,4324.8413937832,66.26672475564105,21.847715854242555,3.755659919696447,5.331949519376791,2.7979499747899705,0.0,95170.627833967,4.099224934427436,76.65165456738718,17.376937900447697,5.971851355508191
169,1434,11237.6755357924,0.5025055011999999,5244.9487316464,72.08202880503991,15.64983679098892,3.054415520390773,5.559082591826673,3.654626753212632,9.550118230249518e-06,120101.3961831428,3.0841514617288266,81.38129812379468,14.768911638968552,3.8494508105657617
170,1511,7457.4623561001,0.3797776332,2466.7364753371,2.8832361311045664,7.178000697737813,89.65941283991043,0.0,0.2793507430427634,0.0,32823.0251669111,34.920349376127966,20.31591822202928,56.52146715045356,23.162739473715817
171,1512,5697.2720281977,0.3072928264,2454.8884957431,3.3076492610466723,1.3931613661215498,94.86127753503784,0.0702232318888524,0.1933745359247869,0.1743140700592747,25107.630479671203,34.31459622049384,21.933820449813076,56.105768917314215,21.960817349100516
172,1513,4431.1632077007,0.5807634944,1564.0544318025,4.268679777639013,7.463953025003082,87.27070666478825,0.0965738122072132,0.6494917558392926,0.2505955476657323,27017.0911231575,33.024663887792606,22.093235302849184,59.10801595292694,18.8004909805346
173,1522,9822.3183392747,0.5735946674,3140.7965054221004,2.149789027408904,4.432194026507664,93.15182431469668,0.057718381473458,0.0584067245454765,0.1500676736698847,33675.668577983,37.293121348174886,20.818023623410888,60.50733699093568,18.674828875889222
174,1523,5315.7088537707,0.306339706,1715.0712525158,1.43345623322934,2.636889431362871,95.7613966166944,0.0,0.1682577186926915,0.0,25389.557770921,46.22097109402148,14.322578982818955,59.32623646639058,26.35173892660044
175,1524,6635.255142001701,0.384168795,1930.6033955539,1.036463675308695,13.324963276700377,84.35108336037918,1.093283096883532,0.1942063273396985,0.0,33568.909927544504,42.52550967435501,15.011758552210106,58.58033579854281,26.4089248276668
176,1531,5855.0887297484,0.3190570554,1862.5232359963,0.8235345507201564,7.744972454005601,90.6766676962698,0.3563992171147969,0.3984257927616828,0.0,27640.8189404346,48.41589635565714,12.88569592696178,64.36874394799015,22.74565457409885
177,1532,6486.9466764606,0.3932234389,1902.9886883952,1.3713074299083967,4.456156513714726,92.89695492087344,0.0,1.1125979295174242,0.162983245938575,28346.4443867477,52.681794536894365,12.673001200699757,62.27759097077003,25.04810119943904
178,1533,7287.673417187099,0.5522720024000001,2338.7331913276003,1.930683217727232,1.1763819158500444,96.6834464754447,0.0817796968514593,0.0955697346257906,0.032139293427669,25628.8916869609,40.66189489219472,14.996491831719553,57.63048999781984,27.37293134680021
179,1611,17989.306240701102,1.9934240939,7302.1661655854,86.8957625573746,9.571677934578274,1.034194385935637,1.1396788978739942,1.1067105461580091,0.2519757423037421,84946.399284037,3.197281213376539,47.16015799436704,46.31359959055917,6.527026730836509
180,1612,12076.6731991866,1.6388496874,5161.0575710747,83.70124287700132,7.772269706241778,0.6285549342406043,4.56277184404405,3.215514729094061,0.1196462015058352,75430.3795377383,2.658213385328158,47.62446329029999,45.57424964717027,6.800723975666221
181,1613,13346.466422455,1.4646124694999998,5134.261535027,78.44960730761396,14.233637240193678,0.6753515872901744,4.638328767525038,1.4318411435043217,0.5712340871013573,76982.8945947231,5.973660283328108,44.36428805103917,48.00109533212835,7.634564564871145
182,1614,15422.004847197,2.7829345729000003,6887.4419741236,75.04902517991184,9.167436678796422,1.480171261253294,9.801708630507544,4.0114006211925135,0.4902577994075907,55987.4554874979,10.580040749441284,45.81552509111989,43.8427163732198,10.341957401268685
183,1621,11070.1114911602,2.4897479285,4120.1691910248,76.0461432572285,12.39422664740301,1.194141065170479,7.594914113000355,2.7667850524412354,0.003789939401559,104297.1891875056,2.7527845700430924,60.85977278352184,33.125698296982485,6.014678674188747
184,1622,27483.9504328528,2.0564866247,10474.5659583521,65.84694357322095,23.43258116732936,1.235545810350788,7.162613950634916,1.9453648291353087,0.3769505373651133,67039.4653400384,8.262890208012632,40.55124472669175,47.416815993141135,12.031983426054008
185,1623,18917.407999468,1.3186012316,7146.2397400959,58.86857497313363,28.66624134683676,1.755064553436374,8.044314304796913,2.4814503124302303,0.1843544917838679,67718.78972706861,11.538070672226496,46.09569661193555,43.281750758223154,10.62226174695278
186,1624,15895.1509100045,1.0153183189,5769.5677414901,57.87570456456898,33.24318003895318,1.4654462468159986,4.987222182725257,2.2411022051680485,0.1873442739757641,65011.3471635375,15.204990423806525,40.903292336029104,47.25617106024632,11.841029374535877
187,1631,18763.2844907758,2.4293064789,7069.990604490999,72.54967701142691,22.065789669824557,0.8652035487966303,3.6554352499434986,0.855798910361566,0.008095665493676,62405.8273629342,6.509070607686206,33.32165567073671,55.17480416785337,11.503576168203946
188,1632,14969.9995981558,1.4628151566999998,5474.34346984,60.52459585833185,29.68327903935094,4.105985024460672,4.9751016423858205,0.5248871474945127,0.186151279099787,53782.5173772103,9.515851514394026,32.15472235848568,54.75187135213676,13.094270901224911
189,1633,19537.1018832416,1.2653013769,6307.854833245699,50.306015337804965,43.18011368875237,0.6820897527688452,4.812867474711588,0.8966493632536364,0.1222643128364373,58003.0203077305,10.767782174403816,30.263326589592143,51.6964429019294,18.04061700502377
190,1634,15821.8557976285,0.7625099395999999,5534.677974631601,35.73709764416451,57.474426733416486,1.553519697661141,3.75510457820474,1.16046539305282,0.3193858721824164,52017.862346712194,15.911516603890904,26.757664544635382,47.25966110425048,25.98274685665065
191,1654,1564.2237072238,0.7555725846,568.5526733811,46.131090167063846,47.419983997025184,3.2287112315817974,2.4764729028338177,0.743741340511182,0.0,53202.40459759231,11.361472444999205,27.12153845263766,53.71807427145359,19.160256015259648
192,1711,18053.2487264393,2.0141408467,6227.088748511999,61.56299749099106,11.363312823830537,2.493231530265282,23.27027413462931,1.0013783288884874,0.3088058054689842,75781.4872535494,13.8533661356832,56.14028543213235,34.99549784645851,8.863321725879427
193,1712,22825.979247885694,1.9836273778,7333.6162832967,34.82196468409013,36.92624667773337,2.780972120829813,21.80930520808353,3.351823457926204,0.3096878454230949,61089.25169100599,14.17055487360922,46.2365811894951,38.11950370432394,15.64384547379041
194,1713,13839.9888077543,0.4506829832,4318.570363515901,32.11365744937316,42.16674912991161,7.791383225370333,14.654415574226135,2.909003967566268,0.3647908098741598,56814.0549065321,19.449813826172416,43.09697188620788,35.108303166576746,21.79569423214692
195,1722,14884.2819067266,1.0158629591,5633.9983910963,45.65660386050041,31.356107184129595,4.130236137843342,15.19383630386745,2.9747898933572188,0.6884265409619278,60832.0804808524,9.418917288857095,45.26945649893253,42.47085942163512,12.25927115443796
196,1723,21595.0325113356,0.7577579536,7161.5446366305005,25.060283017218733,58.72973326433026,4.377944273751538,9.98731811942574,1.7294375705424747,0.1152835137920349,53339.7016268142,19.79982898576689,33.942502426282495,41.32497610762517,24.73252578889547
197,1724,17512.9029376195,0.6949677429000001,6165.1571929479005,37.443304805506095,49.35274687079002,2.481913494106774,7.936557664212293,2.4965354674981715,0.2889419603622737,58245.6918843824,13.84480017067122,42.96184281352588,35.53804595918168,21.499967592931583
198,1731,12484.8865747458,0.9303067868,4448.9141021335,35.205330515333834,54.72853180135214,2.309676496114833,4.440072532662049,3.1711875408612684,0.1452009219240271,61341.7922122491,11.452752817809085,37.74376480576246,43.77132049878729,18.48568786900439
199,1732,13496.6704529599,0.8431371178,4864.565440617101,38.81780549657588,51.59550868963186,1.458245311623782,6.904290343837653,1.11348669179473,0.1106635539139541,60079.7495697658,7.191535853032352,41.23450109950655,36.76952381697805,21.99792797615256
200,1733,13077.0111165874,0.8847612475,4914.9634315299,39.22453634295584,43.4157991111061,4.187589971162353,9.241274295607296,3.3942834617114968,0.5365168848216837,62693.3081746993,11.549829096280764,45.198433797704354,35.864261566127304,18.938205056876832
201,1811,9028.473706372,0.5734176593,2763.838750405,81.50345492227883,6.598549181253531,4.8700668551372015,4.268447741177055,2.627213552238558,0.1322675619476181,114075.9053648343,5.340453749172998,84.56758386503553,10.994710567603288,4.436809284516726
202,1812,8656.788283296899,0.3689324846,3876.3673924023,80.96664001245173,6.182422919020168,2.70115847189976,7.563029581203465,2.127207132753952,0.4595416982688338,99726.25894493268,1.5749819160991396,92.43475864932304,7.209996956551669,0.3558368541265604
203,1813,9218.0815865003,0.3728334702,3821.8368013681,76.79010092500084,5.38602673302976,7.917796080897991,6.074292487777623,3.2484905188248328,0.583293062456106,137020.0895954937,5.735135470016344,87.25161775318881,10.8042955558773,1.9443661874385647
204,1814,10810.2492796799,0.6125160199,6647.9745982688,77.41875470098427,6.418004702018713,4.268129510286948,7.662146347047296,3.7003681533507136,0.5325966201234986,80096.3229368859,2.6615930387817293,86.53342964965127,11.917786666526586,1.548403141391189
205,1821,11069.821096598302,0.3045492012,6170.178301020799,64.10429392445135,3.755189448636529,22.801633100780126,6.160408437995971,2.0856780360041087,1.092796835945015,80878.2021694681,13.41636656915483,76.54343508459134,19.32057900581236,4.136222161248682
206,1822,2861.7812009636,0.5954211247,1717.3112947261,59.77151673972985,12.08724021721253,15.475406003983776,10.017227404096232,2.648610625787114,0.0,106361.1196626976,17.924799730493593,71.96317049172242,22.369050401901465,5.666665157905153
207,1823,3601.0710799544,0.2243985832,1896.9023030969,54.95094194319147,5.861116129828591,28.29068362784165,8.198654980924138,2.364846210868972,0.3337574802731246,90175.9879973273,12.546385220722808,71.41153502616778,21.940048287604423,6.6486977071293225
208,1824,21505.6099278454,0.3271449628,14243.8105490427,80.44559769338929,4.2351499251053815,7.118469937458196,6.872362936816606,0.8797278718602454,0.4486916491415573,87221.2120610468,6.171920447890847,78.07110899469406,18.867968957233497,3.060938800789377
209,1831,11508.9538145925,0.3588974882999999,7191.1851544583,76.46391910500068,5.366805282550087,2.838261388011017,12.687666509740028,2.618290260512002,0.0250572651889828,104170.1099246314,0.888546256178454,89.86790285441299,9.637512409038443,0.4952373589365083
210,1832,8511.3148888222,0.1730798573999999,5387.5225818592,67.0703875106782,7.2010378185034325,9.741217670339678,11.23251685495091,4.521142773421112,0.2336973058313494,66054.5765798364,10.015589511355516,77.37986018062225,18.155424052036043,4.463613358062115
211,1833,9690.8319602789,0.195546267,6197.0415920944,77.94330357098893,5.2357176652199175,3.256285650655512,12.528770630594623,1.0358261587296276,9.60472159475163e-05,93658.2980853272,0.930507361555588,86.11221032453903,13.373434142321292,0.5145340767457398
212,1834,19692.255180151,0.5576707486,11781.3914037108,69.34578897932698,4.083102628641309,3.4523922195847088,19.956070828805224,2.784896786623373,0.3777486120836953,105395.9994836724,0.4659470556398765,87.53254769741928,11.712494810682674,0.7545395177126244
213,1911,17767.1586762347,0.8784229968,7902.588849232099,73.42500741075484,14.588600254283342,2.5747924987060937,5.654466597191486,3.615750678615225,0.1413823518636096,73532.6503097226,4.359878327837839,70.40557380278058,23.41341750016249,6.181234784221417
214,1912,14146.4839002785,0.6949473189,7098.987560298299,73.62927654282731,15.31409240263123,4.137814630521555,4.905935931181012,1.5696372768121452,0.4432432365922782,71427.73287412031,6.268903373590359,73.3171945694656,20.030462692468827,6.65255133882335
215,1913,7965.163650128399,0.2394987335999999,3980.7290402418,50.83753748457666,13.883774458096331,26.586610883968,4.678326769901244,3.036107425328313,0.9776431124970636,42064.0058101539,20.66363796993416,56.55836193854304,34.33929506606799,9.103474805862056
216,1914,10815.5378298579,0.4545499289,5176.8808707231,38.99909888832978,12.192106032528434,34.86616769783001,11.37280956708429,1.9753593550641484,0.5944587101642519,35360.7399148327,33.3061930224804,46.33685932706288,38.99603246871313,14.666958656048736
217,1915,11336.4625068799,0.6780566637000001,6850.8403866764,68.45409650214013,13.279688875166048,9.449294347665314,5.133606186675191,3.2481846221669963,0.4351294774702737,53025.4456337825,12.185640915972382,72.97186578555545,21.256716171038,5.770571894035808
218,1921,13317.1122464323,0.8777149645000001,5151.9059311125,78.97119181476793,11.441652735330845,1.1430871630835877,4.066153365393223,4.217831348469557,0.1600835055521237,104182.775634569,2.682256157420947,73.31316544312766,20.312212891908526,6.375383517074194
219,1922,18262.555581276298,0.7509091026000001,7932.840284430899,82.19606428853115,8.199918438018216,1.607119831013751,5.213377175639302,2.450966861699311,0.3325532804426686,110955.9764619769,2.772919775135504,84.21297439475732,13.354481942351953,2.4321907075959275
220,1923,9826.713996618,0.3732759904,4885.2143199054,72.95731182562571,9.363576844267332,7.971941637335848,7.730665545445316,1.6014551256580911,0.375049534923721,75698.6687573236,6.634156637759873,76.0128403865791,20.337132149008035,3.650009244975765
221,1924,11820.043949034,0.376986352,5410.5137869767,83.99875173004182,6.037471601301634,2.5347961031768085,6.056961201203573,1.3720157696287898,3.45285179784255e-06,107869.89049672768,3.215480215732222,83.40306538265942,15.23266618199018,1.3639334843775646
222,1925,24320.4574417482,0.4291084221,15017.2524583519,73.9070422956944,9.85817553522447,4.174018403909717,8.203052931986687,3.252703833389888,0.6050071023677394,67345.9098507052,3.0784928761218726,81.04015782589539,17.075902884144536,1.8838491330035645
223,1931,12803.2557409647,0.7620265714,5157.1974470195,73.02950820516676,14.007587769544694,3.676876277988252,6.008173628941659,3.215645143057798,0.0622090966855893,120103.9557389049,4.976593505252109,77.20830891247662,17.242010246292082,5.550818422330878
224,1932,12678.375465128602,0.4981619954,5260.9663166938,85.18657121723163,6.452648625670763,2.77308627531748,4.065299341650882,1.468597361974493,0.0537969557153418,123826.9864853125,5.479863735971898,80.52724209302615,14.80819080566621,4.665346181277478
225,1933,10749.6536308287,0.3751277671999999,4984.5390981962,83.1881689937457,5.910515817768909,2.7102817743071776,5.518591031748131,2.490361664720563,0.1820807121577097,114240.0792446033,1.359779393467446,89.13940155393698,9.276306885302,1.5843402506428448
226,1934,19672.5849902128,0.4369852814,12302.9859103764,80.4685409877076,5.175715066121496,3.0826199783841437,8.046122514808248,3.1202643999722786,0.1067371183362358,70989.232192907,2.0975574801207326,81.95714388764725,16.474717798324292,1.567901597659522
227,1935,16008.772434458,0.5857197206,9482.9960030086,78.38384990827275,6.509769936891371,4.787502403228135,6.643164322992051,3.3189131733559343,0.3568000686383288,74101.1958309434,2.3296398329495283,83.84380283227134,14.172710770573346,1.982952957386117
228,2011,16480.5296432113,0.904838048,6544.1671232387,48.41026945421398,20.254170395939887,2.5748212959017183,23.07854815125698,5.609623191052726,0.0725674761237202,56915.637036186,13.671126986265492,47.07002285870232,35.25036597802664,17.680382962407883
229,2012,9606.4348840963,1.0599175458,4410.7495695177,61.485486631493934,20.804145839554163,9.081658684215096,6.676604338076836,1.483036040054335,0.4690681536841434,66148.8104843951,14.00680032036266,61.73167662607748,28.52515553876753,9.744146252202675
230,2013,10683.3597955056,0.4600848352,4850.4647475845,64.36395325767063,19.228241032222783,4.032286485761034,8.91763498603589,3.264956527752067,0.1929279813450723,74497.66475627781,3.879493257709153,68.3453421543086,21.79031277875413,9.86419389047545
231,2022,9344.0274868207,0.1735428016,5153.7211572431,47.025627348589765,9.696520407967908,22.811276156289846,17.374412654677293,2.2295101176921177,0.862653512850767,33768.2637903963,19.011701640731253,55.6414553716329,35.93359707425372,8.425559151936127
232,2023,9526.7225207376,0.2608894787,6056.7138828562,56.433273846500654,8.62850484018145,17.65093955114593,14.308715766737365,2.6126889063336427,0.3658771280765853,39691.9574522352,15.01438188614185,58.93956270408932,31.74307061616514,9.3175098660121
233,2024,11464.979252841202,0.3138489332,5945.3394626275,45.214250754723096,7.866549248267461,25.84268804492304,19.18172485059673,1.7285154304565309,0.1662716651944737,35895.0926118519,27.74745277229361,49.902279049537725,37.13396371995388,12.963669988344764
234,2031,9691.1227318562,0.4940023056,4026.8971357126,59.83030226358645,21.28893754529755,4.113869598449904,11.125135743482584,3.2310577309191206,0.4106971707557421,70336.80774124981,5.011408889750264,63.83924985902893,25.53954683999118,10.619971108075822
235,2032,9426.0871587078,0.4180726494,4714.7231784047,68.82447529903754,14.491556627628936,3.292801496598399,9.58738917031283,3.5819297590675543,0.2218472261449649,70510.3227190866,4.81910103595688,76.60943258240076,20.348444716840078,3.041750001217226
236,2033,6383.3815258922,0.2644568721999999,3161.5187388612,53.696499569309694,16.24456265395426,15.803373808260698,11.40035238294622,2.325634745245009,0.5295775055020718,54078.3233981592,13.799123219992188,57.80792075496108,29.34995838073908,12.841439627735271
237,2211,22977.4546503661,3.3376914964,8056.1803337095,84.19783216390269,9.87839361596971,2.8650868267900638,1.6918431569604084,1.220063314327696,0.1467807102509617,92322.0078753939,3.4175123444577538,47.4675331221225,48.74620772136214,3.786066670062088
238,2212,18827.9905089637,2.5976071183,7156.1829185217,47.23511185204011,3.5809203120217057,46.871854409371245,0.2944437605548343,1.9334358901763449,0.08423388686461,76052.0553089801,8.976661759076471,54.80032259689583,39.43124565845176,5.767782002955531
239,2213,10915.2733756552,1.4676692628,3831.2882781788,34.48658557636486,5.095807694822964,58.058229666134245,0.4901035647152432,1.6877398392602505,0.1815337533432193,86391.0357643499,7.718812782461128,50.767658504504375,43.303341310933,5.929155611373441
240,2221,9126.549707462,1.1286443349,3170.8829621327004,21.428277046993145,5.043060541183343,71.9056884114267,0.1568901196998122,0.9595789699331416,0.506504746226327,65072.8307673971,18.126662244891328,45.539545288816846,46.38418478855042,8.075913640570539
241,2222,7489.348500020899,0.6454667539,2752.3031760787,0.6557366786945881,1.0877810959948342,95.98622323835698,0.1606707558122902,0.1068470223461716,2.002741278373966,43549.3037482242,26.59895783019896,29.05970301534951,60.51453485443668,10.426022854056992
242,2223,10505.7073753384,1.1923536259999998,3569.99901997,0.7761161105229587,0.7751671335284727,95.96613127271355,0.0051811167401992,1.8159336373068828,0.6614708326688148,48349.9307812046,26.033445867318758,29.181712427101505,59.53672249142348,11.2824416793862
243,2232,6772.1134212977,0.9616780641,2464.9476070444,0.3400664911558282,0.32330431636664,98.02714069815596,0.0,1.3094885519874648,0.0,43944.7744459267,24.79516890621241,32.30019083407845,55.449166717389495,12.251259063550352
244,2233,7005.308575197199,0.8299432081999999,2404.1111425507,1.5269093138211822,1.2034858864946822,93.98315125653356,0.4949781363103467,0.8946023573606228,1.89687320547988,48251.56399629571,25.30990221265396,30.42810411388446,57.19915304384402,12.374084066339746
245,2234,8643.5727964909,1.1922719299,2808.730044248,0.7673232114887276,2.7060351818793897,92.91643926028864,2.242387546949193e-06,1.6132963123248314,1.99690389434764,46347.3938555813,26.838325260558253,32.19259141276041,54.95493776975066,12.851842845385452
246,2411,24720.4121095198,1.3371598474,8693.6288060233,50.63791634938792,14.955363937987018,16.23071946155448,15.464168921177258,2.3574155470125797,0.3544160322556285,65667.057217485,13.82773357628306,53.20628619651757,34.387152644553176,12.406728943488815
247,2412,17668.419833456202,0.7973056423,5766.4737799406,39.29762442572996,19.047474821199,10.09857409963001,25.315614420740424,4.543459672210363,1.6972524791501944,38954.6200203004,26.060694388971623,40.62721520640164,38.15416038341012,21.21941976768601
248,2413,24021.8342537327,0.8713222496999999,7617.189186879499,37.60076222577206,18.64502966172384,12.287546898037323,27.943530368862863,3.522985677918402,0.0001452211909861,45828.838734821504,24.09117284652825,41.47348922785634,41.377411574088335,17.14785476573467
249,2422,8128.2694126201,0.2877062021,4199.4030130334,40.92333780357395,14.708162905153156,34.58303186673521,5.63483012095759,3.166705866998681,0.9839314318916011,42446.2557493806,19.804295835342,39.72140101436059,46.13711087851648,14.141621617398927
250,2423,10790.6485622909,0.3364923508,5527.811774350601,42.12558823490073,17.27479935102577,31.550716503798405,6.6436296373514825,2.1953548516754458,0.2099116270912184,42580.0713837921,17.545086753505416,48.61969393886992,36.717547000846,14.66173950988711
251,2424,12722.8861213401,0.4174803532,4997.6855648487,28.818178886864924,27.0521768522697,34.92434346441103,5.906117590597063,2.7654646654790622,0.5337187456885579,42267.1329594662,23.0158468410912,42.08492550782083,38.03103978683745,19.883538654119093
252,2431,8033.238290172199,0.2158204996,3984.9554550699,49.77574855583782,22.956707278147583,19.096385800441837,3.753661510982469,3.845021618810699,0.5724753320222274,33397.9145048604,16.93862119683995,56.76263291314101,32.63259653510716,10.605520779966264
253,2432,15428.6305448091,0.5746839479,6311.1207043315,51.20693573848524,23.575881782601897,15.8175264792634,6.374056960401266,2.913111826233449,0.112487359878736,35704.9356149815,18.729606273217485,52.1460933664772,33.72372303827712,14.130638186548367
254,2433,21732.3160715678,0.5664054164,9953.8602748332,54.46265541716022,18.105473114401207,13.496495698999844,10.889343190965182,2.2583814973186755,0.7876510102314707,47428.7828305583,11.012342782872434,56.68950447393524,33.543262761605654,9.767417046081214
255,2511,12272.5748841974,0.9112307627,4259.2270777385,42.49007662692559,48.839988630994526,2.3830138895993063,5.701600353691881,0.4393397299056378,0.1459809422411329,58169.2010136366,10.765231470165135,30.861154093685226,51.2148211285822,17.923278636018317
256,2512,22301.075710589,1.5756986527,6601.614305399799,17.19533739670677,70.02209879471626,8.528411713221198,2.6063788979018194,1.1391849283201694,0.5085882056462666,49414.20436811099,19.80297369576679,24.06978401001041,48.72701492888038,27.20299312170502
257,2513,8184.285888199,0.7874544622,2880.0148464405,21.22582329041632,25.295283190545632,50.764022542498935,0.9245680543211262,1.5837257435165537,0.2065775342865065,71775.64362913731,17.084598446814482,38.14932107263734,49.05820000914144,12.791042007150825
258,2514,16551.8815797034,0.7572609693000001,5022.2799231717,22.0093889208811,71.9573712851305,2.022987855789748,1.8491939187495363,1.0612909933146573,1.099767348245866,49044.149781353895,15.495651177330725,20.680292046225528,50.85892720112528,28.46074466056101
259,2515,17510.8115751962,0.8796892853,4723.0288341259,8.838419725944991,83.56039055621358,6.058180418684072,0.6772535829092275,0.4655339426287362,0.4002218975365496,42497.3677127312,23.052208261078704,13.279890063960568,41.54902030530428,45.17175194808926
260,2521,19453.9895407444,0.8871644725,5853.152520211801,13.212659865401804,81.1490149547383,2.482803466057677,1.9767275462546856,0.4885109185684467,0.6902834172108923,41052.2498771813,24.419651129123128,18.832183887478717,45.39776235330618,35.76932861890453
261,2522,14301.0557091283,0.6333757408,3871.3411972051,5.289371945570215,90.11583089232046,2.921113993517639,1.0170126880959145,0.2846613870094587,0.3720088993572825,43405.0114725321,26.58359465434833,12.029009297292513,40.04639015981042,47.92445592759488
262,2523,14593.4539870555,0.5710144343,4610.1974983458,24.03059257870509,68.49027872896659,3.5563041835445253,1.7641446773160054,2.0632723474194683,0.0954075584412712,42155.5105631722,17.548794767707722,25.836086066110443,44.92594952601023,29.23812477097727
263,2524,10947.1147727396,0.5695847537,3489.5869344613,16.934440180352325,74.67689074665242,4.36185237860261,2.1625010232596305,1.3913082905148324,0.4730073711599672,52004.210234399005,19.44450613776004,28.5018424104675,45.91511365290143,25.582519718668784
264,2525,9916.0418385943,0.3803086574,2968.2113216896,12.327497891017243,81.5421488389367,4.432635552934593,0.6195885214428417,0.7721174154087036,0.3060117704384515,39001.1989248378,25.46247052867132,17.90209934236232,49.60687628103563,32.490558340040074
265,2531,6218.534205874101,0.4385579301,2079.4968385228,0.936398881565932,10.799219654008544,85.20077962460545,1.217687606672193,0.5670680848147438,1.2788458424266491,46143.929554320704,22.680178162994064,18.563430737794747,58.68944707625666,22.74756074467201
266,2532,9235.0147124132,0.4488924785,3329.7851152737,0.5732611487401309,17.744187371693933,80.33453261683941,0.4098706877642754,0.8455834457592801,0.0925647292278782,31977.5111140986,30.346128283955125,23.245990051488185,59.94946471599629,16.805327387835124
267,2533,11224.658029568502,1.0105322928,3246.5326511020003,1.9801332322330376,58.896971685520825,37.385683314726506,1.1071319294426405,0.6300721449740126,7.699418527703893e-06,37057.6879670102,32.99134844076912,15.07460925303599,50.85736492973068,34.067552462967726
268,2534,11257.2443060055,0.5037785978,3256.2499825592,2.856814276888652,73.60436618157952,20.328323526070072,0.5492910344622469,2.3164588939176265,0.344746086950394,33360.8008575957,36.56009745678537,17.557015521071367,45.24630910377835,37.19681211834431
269,2535,9337.5831932832,0.5010213565999999,2742.805020089,7.277750436618674,84.24369168090927,7.498477831225727,0.3197144649000245,0.5214000644644473,0.1389653639909096,39554.6111896816,29.560022191172443,18.510713774756635,44.721727869139606,36.76770292266799
270,3100,24965.616976319,3.3912772871,9440.5594796576,82.1432444027093,10.608526874898008,0.6575789073685673,6.231186556289425,0.2360882858216886,0.1233750360386304,59347.690204465,7.061170125276065,35.11589681142869,51.90652397236097,12.97761789830588
