PRCP,TMAX,TMIN,AdverseConditions,Date,CountOfTrips,DurationOfTrips
0,44,22,0,2017-01-01,875,37304
0.06,49,28,0,2017-01-02,324,7952
0.24,42,34,0,2017-01-03,725,12381
0.26,47,41,0,2017-01-04,1338,24264
0,53,24,0,2017-01-05,1086,19117
0.08,32,26,0,2017-01-06,838,12920
0,32,23,0,2017-01-07,154,4366
0.24,23,12,0,2017-01-08,190,5229
0,23,4,0,2017-01-09,563,12640
0,23,4,0,2017-01-10,858,14197
0.24,43,8,0,2017-01-11,1333,20102
0.26,53,38,0,2017-01-12,1619,29721
0,67,49,0,2017-01-13,1398,22134
0,49,29,0,2017-01-14,621,14073
0.01,36,29,0,2017-01-15,773,15758
0,38,20,0,2017-01-16,1019,21595
0,42,21,0,2017-01-17,1027,16364
0.46,44,37,1,2017-01-18,1486,23853
0,45,36,1,2017-01-19,1612,23703
0,47,28,0,2017-01-20,1229,18389
0.11,41,28,0,2017-01-21,1208,27035
0,46,41,1,2017-01-22,641,11822
0.11,48,41,1,2017-01-23,537,13095
0.91,41,35,0,2017-01-24,1111,16079
0.15,43,35,0,2017-01-25,1686,31581
0,53,37,0,2017-01-26,1428,26277
0.07,53,39,0,2017-01-27,1347,23696
0,43,30,0,2017-01-28,830,30976
0,40,25,0,2017-01-29,807,19033
0,42,24,0,2017-01-30,1268,20017
0,39,23,0,2017-01-31,1263,19340
0,40,24,0,2017-02-01,1516,21772
0,49,30,0,2017-02-02,1486,23535
0,46,25,0,2017-02-03,1223,23291
0,34,20,0,2017-02-04,731,16150
0,34,20,0,2017-02-05,705,12367
0,42,25,0,2017-02-06,1527,27800
0,52,34,0,2017-02-07,1433,22819
0.17,61,38,0,2017-02-08,1873,38347
0.39,65,31,1,2017-02-09,407,13504
0.08,31,19,0,2017-02-10,974,16579
0,31,20,0,2017-02-11,944,19435
0,49,27,0,2017-02-12,464,14519
0.18,40,32,0,2017-02-13,1080,14923
0,41,23,0,2017-02-14,1319,18968
0,40,24,0,2017-02-15,1530,21189
0,51,29,0,2017-02-16,1285,17214
0,37,25,0,2017-02-17,1338,19602
0,42,24,0,2017-02-18,1755,55371
0,66,25,0,2017-02-19,2210,95675
0,67,43,0,2017-02-20,1856,49900
0,56,29,0,2017-02-21,1665,26437
0,52,29,0,2017-02-22,1909,32258
0,58,39,1,2017-02-23,2043,45494
0,73,39,0,2017-02-24,2360,59735
0,74,47,0,2017-02-25,1656,54546
0.29,75,35,0,2017-02-26,904,18475
0,43,24,0,2017-02-27,1629,23903
0,55,26,0,2017-02-28,1735,27914
0.09,67,40,0,2017-03-01,1870,31900
0,73,45,0,2017-03-02,1551,25318
0,47,28,0,2017-03-03,1332,29721
0.01,41,21,0,2017-03-04,698,15179
0,35,13,0,2017-03-05,693,15710
0,36,14,0,2017-03-06,1620,25422
0,51,20,0,2017-03-07,1617,33689
0.04,65,42,0,2017-03-08,2036,39305
0,61,46,0,2017-03-09,2148,44989
0.01,67,37,0,2017-03-10,740,11159
0.32,38,17,0,2017-03-11,611,13531
0,31,18,0,2017-03-12,581,10087
0,32,15,0,2017-03-13,1274,22882
0.8,39,16,1,2017-03-14,71,5088
0.47,32,18,1,2017-03-15,326,21097
0.01,32,18,0,2017-03-16,602,18539
0,38,23,0,2017-03-17,870,18440
0,44,28,0,2017-03-18,470,8341
0.04,41,34,0,2017-03-19,744,18061
0,49,30,0,2017-03-20,1605,29158
0,53,33,0,2017-03-21,1850,37595
0,59,39,0,2017-03-22,1460,23280
0,40,20,0,2017-03-23,1448,20134
0,44,20,0,2017-03-24,1706,30968
0,59,31,0,2017-03-25,1605,55448
0.04,71,41,0,2017-03-26,809,22279
0,44,40,1,2017-03-27,1540,35039
0.12,59,42,0,2017-03-28,1013,17239
0.56,52,43,0,2017-03-29,1986,32028
0,61,30,0,2017-03-30,1670,33428
0.46,50,37,0,2017-03-31,475,5472
1.13,48,37,0,2017-04-01,1118,19101
0,51,38,0,2017-04-02,1777,55123
0,62,36,0,2017-04-03,2071,34597
0.33,70,43,0,2017-04-04,2154,34241
0,74,43,1,2017-04-05,2502,40048
0.02,67,43,0,2017-04-06,1157,16775
0.88,55,43,1,2017-04-07,1505,20720
0,48,38,0,2017-04-08,1539,32175
0,59,30,0,2017-04-09,2191,64328
0,69,34,0,2017-04-10,2557,53702
0,81,45,0,2017-04-11,2812,53692
0,84,53,0,2017-04-12,2738,51739
0,76,46,0,2017-04-13,2553,44898
0,65,43,0,2017-04-14,2592,56586
0,66,38,0,2017-04-15,1963,54413
0,68,45,0,2017-04-16,1985,65904
0,88,58,0,2017-04-17,2267,38654
0.07,71,46,0,2017-04-18,2800,49806
0,67,40,0,2017-04-19,2445,36895
0,63,46,0,2017-04-20,2723,52264
0.02,73,50,0,2017-04-21,1809,30155
0.43,59,49,0,2017-04-22,926,16496
0.12,57,43,0,2017-04-23,2230,66745
0,65,46,0,2017-04-24,2095,29526
0.14,58,49,0,2017-04-25,1157,14967
0.42,57,52,0,2017-04-26,2343,37446
0,63,56,0,2017-04-27,3401,61630
0,78,60,0,2017-04-28,3324,70510
0.09,85,63,0,2017-04-29,2907,79275
0,86,62,0,2017-04-30,1976,57733
0,69,50,0,2017-05-01,2670,50421
0,83,52,0,2017-05-02,2831,53900
0,75,52,0,2017-05-03,2719,46042
0,65,39,0,2017-05-04,2645,45054
0.04,64,51,0,2017-05-05,1308,22296
1.64,67,57,0,2017-05-06,1906,41574
0,66,46,0,2017-05-07,1486,34275
0.05,55,39,0,2017-05-08,2434,41543
0,58,38,0,2017-05-09,2622,51899
0,63,47,0,2017-05-10,2784,47715
0,68,44,0,2017-05-11,2493,41591
0,62,42,0,2017-05-12,2303,36344
0.73,60,48,0,2017-05-13,317,5515
1.25,52,44,0,2017-05-14,1757,45462
0.01,71,50,0,2017-05-15,2594,46463
0,71,47,0,2017-05-16,3014,56325
0,78,53,0,2017-05-17,2928,58501
0,90,62,0,2017-05-18,2686,44009
0,92,70,0,2017-05-19,2704,54640
0,92,61,0,2017-05-20,1856,51441
0,62,44,0,2017-05-21,2218,58900
0.11,71,53,0,2017-05-22,1667,30777
0.59,64,55,0,2017-05-23,2711,46280
0.02,66,54,0,2017-05-24,2686,48028
0.36,70,54,0,2017-05-25,983,18778
0.66,65,54,0,2017-05-26,2457,49237
0.02,75,56,0,2017-05-27,2358,70227
0,73,57,0,2017-05-28,1898,60566
0.3,76,57,0,2017-05-29,1274,26649
0.01,61,54,0,2017-05-30,1911,29175
0.05,61,55,1,2017-05-31,2888,53165
0,77,58,0,2017-06-01,2999,59733
0,80,50,0,2017-06-02,3185,64452
0.02,77,49,0,2017-06-03,2467,71288
0,74,48,0,2017-06-04,2277,64303
0,74,61,0,2017-06-05,2380,37663
0.33,71,57,0,2017-06-06,2264,41474
0.02,60,50,0,2017-06-07,2814,46184
0,65,46,0,2017-06-08,2945,51601
0,69,46,0,2017-06-09,3124,59437
0,81,56,0,2017-06-10,2821,74522
0,85,62,0,2017-06-11,2275,65878
0,91,66,0,2017-06-12,2760,51900
0,93,69,0,2017-06-13,2884,48424
0.16,94,69,1,2017-06-14,3038,54305
0,81,56,0,2017-06-15,3336,63057
0,81,62,0,2017-06-16,3081,54378
0,77,67,0,2017-06-17,1700,44426
0.71,79,69,0,2017-06-18,2188,60628
0,85,74,0,2017-06-19,1974,34886
0.78,87,68,0,2017-06-20,3228,62965
0,84,66,0,2017-06-21,2957,54710
0.29,86,62,0,2017-06-22,3184,61203
0,85,70,0,2017-06-23,2655,53444
0.77,84,70,0,2017-06-24,2611,64223
0,85,63,0,2017-06-25,2503,71927
0,83,57,0,2017-06-26,3124,57593
0.32,80,59,0,2017-06-27,3316,59251
0,77,55,0,2017-06-28,3393,61881
0,79,59,0,2017-06-29,3369,62583
0,84,67,0,2017-06-30,3130,56972
0,92,72,0,2017-07-01,1914,58444
0.34,85,69,0,2017-07-02,2620,80090
0,88,67,0,2017-07-03,2863,66555
0.01,89,69,0,2017-07-04,3082,88434
0,86,66,0,2017-07-05,3349,60129
0,82,67,0,2017-07-06,1874,28572
0.21,73,69,0,2017-07-07,2675,46976
0,81,65,0,2017-07-08,2911,78168
0,85,63,0,2017-07-09,2955,81856
0,83,56,0,2017-07-10,3434,65027
0,84,68,0,2017-07-11,3586,66762
0,88,73,0,2017-07-12,3358,58907
0,89,74,0,2017-07-13,2811,43798
0.77,92,71,0,2017-07-14,2123,33424
0.19,74,69,0,2017-07-15,2937,79135
0,85,62,0,2017-07-16,2699,65467
0,86,65,0,2017-07-17,3062,50854
0,87,68,0,2017-07-18,3369,58140
0,89,70,0,2017-07-19,3369,54637
0,93,72,0,2017-07-20,3015,50341
0.06,94,71,0,2017-07-21,2978,48370
0,92,72,0,2017-07-22,2167,54042
0.46,92,72,0,2017-07-23,2252,58244
1.02,82,68,0,2017-07-24,2804,47729
0.5,80,63,0,2017-07-25,3226,55318
0.01,76,64,0,2017-07-26,3678,64362
0,76,60,0,2017-07-27,3232,55766
0,78,64,0,2017-07-28,3137,55956
0.23,84,64,0,2017-07-29,2542,63316
0.02,73,58,0,2017-07-30,3050,84590
0,80,55,0,2017-07-31,3440,64654
0,86,63,0,2017-08-01,3572,61433
0,89,68,0,2017-08-02,2636,44515
0.24,88,62,0,2017-08-03,3444,59276
0.81,86,66,0,2017-08-04,3474,69023
0.61,87,66,0,2017-08-05,2804,82409
0,77,58,0,2017-08-06,2832,71934
0.03,77,63,0,2017-08-07,1301,19502
0.58,69,66,0,2017-08-08,3570,63730
0,78,58,0,2017-08-09,3646,67856
0,83,58,0,2017-08-10,3543,61947
0,83,61,0,2017-08-11,3382,60726
0.02,82,65,0,2017-08-12,2291,57091
0,78,67,0,2017-08-13,2780,73127
0,83,60,0,2017-08-14,3069,55225
0.01,80,63,0,2017-08-15,2085,32335
0.11,76,69,0,2017-08-16,3461,61626
0,84,64,0,2017-08-17,3453,65938
0.06,86,70,0,2017-08-18,2555,43576
0.38,85,71,0,2017-08-19,2868,74062
0,86,63,0,2017-08-20,2692,68213
0,82,61,0,2017-08-21,3214,57619
0.02,85,64,1,2017-08-22,3121,49812
0.45,88,70,0,2017-08-23,3363,58863
0,81,58,0,2017-08-24,3567,64575
0,79,59,0,2017-08-25,3435,63979
0,78,63,0,2017-08-26,3062,74453
0,77,54,0,2017-08-27,2815,72291
0,75,54,0,2017-08-28,3399,56804
0,71,62,0,2017-08-29,1264,19948
0.78,65,59,0,2017-08-30,3651,59161
0,75,60,0,2017-08-31,3603,60353
0,82,54,0,2017-09-01,3348,63874
0,69,52,0,2017-09-02,1279,28362
0.36,65,54,0,2017-09-03,2310,68980
0,70,55,0,2017-09-04,2702,83572
0,78,57,0,2017-09-05,3039,50216
0.12,83,65,0,2017-09-06,1887,26160
0.65,67,56,0,2017-09-07,3630,60693
0,70,51,0,2017-09-08,3382,59436
0,71,50,0,2017-09-09,2904,82009
0,69,50,0,2017-09-10,2695,65909
0,72,47,0,2017-09-11,3446,56717
0,73,51,0,2017-09-12,3551,60001
0,76,51,0,2017-09-13,3014,51014
0.13,77,51,0,2017-09-14,3451,56419
0,78,61,0,2017-09-15,3486,63749
0,81,61,1,2017-09-16,2793,68609
0,83,63,0,2017-09-17,2753,68375
0,77,66,0,2017-09-18,3270,56720
0,77,67,0,2017-09-19,2785,42853
0.06,76,68,0,2017-09-20,3393,56719
0,81,66,0,2017-09-21,3307,52614
0,84,65,0,2017-09-22,3318,58628
0,82,60,0,2017-09-23,2969,72735
0,85,59,0,2017-09-24,2358,54057
0,88,60,0,2017-09-25,3079,49389
0,88,64,0,2017-09-26,3390,53050
0,82,66,0,2017-09-27,3428,52696
0,85,66,0,2017-09-28,3361,53810
0,76,46,0,2017-09-29,3517,58087
0,69,50,0,2017-09-30,2490,55339
0,64,47,0,2017-10-01,2436,57670
0,66,42,0,2017-10-02,3275,51213
0,71,43,0,2017-10-03,3452,57724
0,71,43,0,2017-10-04,3578,54783
0,72,45,0,2017-10-05,3498,61170
0,82,58,0,2017-10-06,3371,55912
0,81,60,0,2017-10-07,2942,80386
0.15,83,61,0,2017-10-08,1673,34223
0.06,78,70,0,2017-10-09,2047,34836
0.52,76,64,0,2017-10-10,3447,59091
0,80,62,0,2017-10-11,3248,49734
0.32,75,57,0,2017-10-12,2743,42066
0.01,62,53,0,2017-10-13,3167,51581
0.03,65,56,0,2017-10-14,2318,55095
0,68,60,0,2017-10-15,2008,68020
0.05,70,58,0,2017-10-16,2785,45500
0,59,39,0,2017-10-17,3045,46520
0,58,38,0,2017-10-18,3355,54098
0,67,39,0,2017-10-19,3275,52947
0,67,42,0,2017-10-20,3322,55864
0,71,41,0,2017-10-21,2823,74835
0,77,42,1,2017-10-22,2476,60919
0,75,44,1,2017-10-23,3166,48944
0.02,74,59,0,2017-10-24,2628,44262
0.35,72,48,0,2017-10-25,2604,41090
0,64,44,0,2017-10-26,2965,42100
0,57,34,0,2017-10-27,2941,51243
0,64,34,0,2017-10-28,3162,88686
0,68,41,0,2017-10-29,526,12972
3.64,65,43,0,2017-10-30,2313,34524
0,54,41,0,2017-10-31,2830,43377
0,58,33,0,2017-11-01,2913,42624
0,61,38,1,2017-11-02,3243,57072
0,73,51,1,2017-11-03,3233,54462
0,73,40,0,2017-11-04,2311,53875
0.13,57,40,0,2017-11-05,1971,43788
0,66,52,0,2017-11-06,2552,39478
0,68,38,0,2017-11-07,1604,23730
0.56,48,39,0,2017-11-08,2465,39111
0,49,39,0,2017-11-09,2703,39507
0,58,42,0,2017-11-10,1886,29861
0,42,21,0,2017-11-11,1080,18535
0,38,22,0,2017-11-12,1209,25260
0.11,44,26,0,2017-11-13,1341,23332
0.06,45,30,0,2017-11-14,2334,32566
0,47,30,0,2017-11-15,2413,35814
0.09,51,34,0,2017-11-16,2384,35864
0,58,39,0,2017-11-17,2322,37087
0,48,26,0,2017-11-18,1396,22331
0.52,59,27,0,2017-11-19,1418,34354
0,53,35,0,2017-11-20,1906,25895
0,46,29,0,2017-11-21,2260,32869
0.07,57,32,0,2017-11-22,1588,21495
0.06,55,28,0,2017-11-23,616,17435
0,41,23,0,2017-11-24,1010,21127
0,50,23,0,2017-11-25,1194,30723
0,59,27,0,2017-11-26,1115,19390
0,49,30,0,2017-11-27,2089,28505
0,54,29,0,2017-11-28,2317,34056
0,59,30,0,2017-11-29,2358,35405
0,62,33,0,2017-11-30,2190,29631
0.01,55,34,1,2017-12-01,2303,37422
0,53,27,0,2017-12-02,1534,33949
0,49,27,0,2017-12-03,1355,26025
0,48,26,1,2017-12-04,2000,28533
0,51,26,0,2017-12-05,1986,28423
0.52,65,43,0,2017-12-06,1875,29816
0,43,30,0,2017-12-07,1979,26112
0,45,30,0,2017-12-08,1748,26445
0,37,33,0,2017-12-09,374,6740
0.36,34,23,0,2017-12-10,627,11709
0.01,37,23,0,2017-12-11,1537,22760
0,41,29,0,2017-12-12,1721,22034
0,45,19,0,2017-12-13,1255,22309
0.06,30,20,0,2017-12-14,1137,16242
0,33,17,0,2017-12-15,791,14362
0.17,26,14,0,2017-12-16,483,9318
0,40,16,0,2017-12-17,802,16348
0,41,28,0,2017-12-18,1692,22080
0,48,34,0,2017-12-19,1883,31991
0,56,34,0,2017-12-20,1623,33841
0,46,25,0,2017-12-21,1539,22739
0,41,26,0,2017-12-22,1484,23031
0.05,48,32,0,2017-12-23,473,8886
0.49,59,31,0,2017-12-24,416,7147
0.28,41,31,0,2017-12-25,159,3131
0,36,24,0,2017-12-26,607,8824
0,30,19,0,2017-12-27,624,8137
0,25,12,0,2017-12-28,562,8741
0,19,12,0,2017-12-29,553,7750
0,22,11,0,2017-12-30,202,4292
0.03,25,12,0,2017-12-31,237,5833
0,17,4,0,2018-01-01,198,5456
0,17,4,0,2018-01-02,650,8514
0,23,3,0,2018-01-03,971,11988
0.03,28,4,0,2018-01-04,113,2695
0.4,24,9,0,2018-01-05,228,3900
0,15,6,0,2018-01-06,147,2648
0,14,0,0,2018-01-07,192,6315
0,17,0,0,2018-01-08,472,9869
0.05,32,11,1,2018-01-09,843,11640
0,43,17,0,2018-01-10,1081,15066
0,43,17,0,2018-01-11,1429,21789
0.02,60,38,0,2018-01-12,718,10059
0.66,64,37,0,2018-01-13,623,17001
0,37,13,0,2018-01-14,452,8714
0,25,13,0,2018-01-15,666,8981
0,32,16,0,2018-01-16,1397,17216
0.17,45,17,0,2018-01-17,888,11139
0.08,33,13,0,2018-01-18,1145,14972
0,32,14,0,2018-01-19,1296,18105
0,42,15,0,2018-01-20,1169,25188
0,55,27,0,2018-01-21,1122,21231
0,51,27,0,2018-01-22,1799,29860
0.04,58,39,0,2018-01-23,1323,18390
0.37,60,37,0,2018-01-24,1506,19631
0,43,25,0,2018-01-25,1310,17752
0,34,17,0,2018-01-26,1388,20093
0,41,17,0,2018-01-27,1289,41532
0.24,57,25,0,2018-01-28,518,14939
0.29,58,39,0,2018-01-29,1458,26318
0.05,43,31,0,2018-01-30,982,13253
0.08,35,15,0,2018-01-31,1135,20142
0,31,15,0,2018-02-01,1479,24024
0.17,45,30,0,2018-02-02,1054,17081
0,32,11,0,2018-02-03,626,10139
0,30,11,0,2018-02-04,608,22219
0.92,39,29,0,2018-02-05,1352,47186
0,38,20,0,2018-02-06,1436,19421
0.01,37,23,1,2018-02-07,565,14117
0.79,48,25,0,2018-02-08,1915,88429
0,33,18,0,2018-02-09,1274,24115
0,39,19,0,2018-02-10,556,15696
0.77,50,30,1,2018-02-11,293,11699
1.27,63,48,0,2018-02-12,1357,28696
0.01,48,25,0,2018-02-13,1410,22921
0,40,25,0,2018-02-14,1588,26562
0.23,53,31,0,2018-02-15,1632,32588
0.46,61,44,0,2018-02-16,1173,16634
0.1,60,27,0,2018-02-17,742,13386
0.45,43,28,0,2018-02-18,1022,25392
0,45,27,0,2018-02-19,1337,29024
0,53,30,0,2018-02-20,2058,39346
0,73,51,1,2018-02-21,2289,50250
0,77,51,0,2018-02-22,1138,16722
0.01,52,36,0,2018-02-23,893,18029
0.15,44,36,1,2018-02-24,842,18514
0.29,49,42,0,2018-02-25,659,14178
0.5,46,43,0,2018-02-26,1616,32372
0,51,28,0,2018-02-27,1831,42723
0,56,28,0,2018-02-28,1950,37191
0,62,34,0,2018-03-01,1418,22335
1.22,59,39,0,2018-03-02,257,9457
0.5,42,33,0,2018-03-03,788,31464
0,46,36,0,2018-03-04,808,21568
0,46,29,0,2018-03-05,1388,20952
0,45,25,0,2018-03-06,1631,29988
0.36,51,26,0,2018-03-07,156,4090
1.5,36,31,0,2018-03-08,903,15098
0,41,27,0,2018-03-09,1163,23962
0,41,29,0,2018-03-10,940,25417
0,42,27,0,2018-03-11,994,24459
0,43,25,0,2018-03-12,1120,16655
0.07,42,29,0,2018-03-13,1213,24398
0,40,30,0,2018-03-14,1396,29017
0,40,30,0,2018-03-15,1445,23294
0,47,32,0,2018-03-16,1330,27673
0,43,27,0,2018-03-17,1042,26002
0,50,26,0,2018-03-18,1067,25213
0,47,26,0,2018-03-19,1603,24172
0,49,28,0,2018-03-20,776,18241
0.35,37,29,1,2018-03-21,128,6605
0.72,33,30,0,2018-03-22,847,14259
0,46,30,0,2018-03-23,1493,29677
0,47,30,0,2018-03-24,1316,32169
0,48,30,0,2018-03-25,818,16252
0,44,28,0,2018-03-26,1523,28964
0,47,26,0,2018-03-27,1587,24719
0.02,47,29,0,2018-03-28,1442,19192
0.06,51,38,0,2018-03-29,1862,28964
0.01,69,47,0,2018-03-30,1400,33204
0.22,70,32,0,2018-03-31,1698,51312
0,59,36,0,2018-04-01,1202,37652
0.13,64,31,0,2018-04-02,1146,21290
0.35,42,30,0,2018-04-03,1153,18611
0.35,50,37,0,2018-04-04,1597,29608
0.09,70,33,0,2018-04-05,1544,26188
0.03,47,30,0,2018-04-06,1869,34477
0,63,37,0,2018-04-07,1141,26905
0,45,31,0,2018-04-08,993,20085
0,47,26,0,2018-04-09,1603,22993
0.05,48,32,0,2018-04-10,1849,28356
0,50,25,0,2018-04-11,1940,32870
0,54,32,0,2018-04-12,2186,36245
0,71,42,0,2018-04-13,2607,65890
0,85,60,0,2018-04-14,3021,132708
0,85,40,0,2018-04-15,509,11530
1.4,61,39,1,2018-04-16,1075,16360
0.6,65,38,1,2018-04-17,1735,27945
0,47,36,0,2018-04-18,1982,32574
0,56,39,0,2018-04-19,1610,27875
0,50,34,0,2018-04-20,1942,34871
0,53,30,0,2018-04-21,1961,54856
0,60,32,0,2018-04-22,2108,69312
0,66,34,0,2018-04-23,2470,50508
0,71,37,0,2018-04-24,2250,37196
0.16,66,48,0,2018-04-25,1606,25303
0.18,69,51,0,2018-04-26,2255,39307
0.18,67,50,0,2018-04-27,1492,25600
0.05,59,45,0,2018-04-28,1597,40146
0.22,76,46,0,2018-04-29,1125,21823
0,56,42,0,2018-04-30,1936,28691
0,61,37,0,2018-05-01,2542,42737
0,79,47,0,2018-05-02,2569,43462
0,89,60,0,2018-05-03,2357,42302
0,91,63,0,2018-05-04,2305,35939
0,89,63,0,2018-05-05,1675,33333
0,72,58,0,2018-05-06,1924,57927
0.06,67,53,0,2018-05-07,2780,58888
0,74,48,0,2018-05-08,2987,61681
0,74,47,0,2018-05-09,3089,59978
0,77,47,0,2018-05-10,2831,55788
0.01,82,51,0,2018-05-11,3006,74148
0.41,77,52,1,2018-05-12,1945,68852
0.59,69,53,1,2018-05-13,872,22074
0.42,55,52,0,2018-05-14,2575,63077
0,73,53,0,2018-05-15,2370,42840
0.39,87,62,0,2018-05-16,1227,21463
0.71,67,56,0,2018-05-17,1848,34435
0.16,66,58,0,2018-05-18,1771,40122
0.25,63,49,0,2018-05-19,903,30738
0.47,68,52,0,2018-05-20,2280,74247
0,82,57,0,2018-05-21,2873,60369
0,77,54,0,2018-05-22,2097,37801
0.42,65,58,0,2018-05-23,3028,61904
0,79,57,0,2018-05-24,3110,58481
0,85,54,0,2018-05-25,2834,59991
0,84,66,0,2018-05-26,2197,68723
0.17,90,64,0,2018-05-27,1279,33074
0.82,68,55,0,2018-05-28,2256,62108
0,70,56,1,2018-05-29,2939,63595
0,87,64,1,2018-05-30,2989,62132
0.02,78,60,0,2018-05-31,2715,54653
0.02,78,63,1,2018-06-01,2835,57796
0,83,70,0,2018-06-02,1864,52982
1.3,87,59,0,2018-06-03,1376,36877
0.6,63,52,0,2018-06-04,2686,55876
0,74,51,0,2018-06-05,2705,47973
0.05,78,57,0,2018-06-06,2898,52888
0,70,57,0,2018-06-07,3149,67272
0,74,53,0,2018-06-08,3061,71820
0,83,62,0,2018-06-09,2580,73605
0,84,66,0,2018-06-10,1442,40890
4.98,71,54,0,2018-06-11,2400,47940
0,70,48,0,2018-06-12,3049,61840
0,75,58,0,2018-06-13,2852,54870
0,77,64,0,2018-06-14,3165,60494
0,83,56,0,2018-06-15,3095,67709
0,78,54,0,2018-06-16,2692,83023
0,85,58,0,2018-06-17,2114,61115
0,91,65,0,2018-06-18,2567,44755
0.03,92,72,1,2018-06-19,2855,60739
0,88,63,0,2018-06-20,2714,51825
0.07,86,68,0,2018-06-21,2833,52750
0,82,64,0,2018-06-22,2445,56115
0.18,71,62,0,2018-06-23,1862,50186
0,70,63,1,2018-06-24,2111,58582
0.02,86,66,0,2018-06-25,2949,63799
0,82,55,0,2018-06-26,3111,68378
0,82,58,0,2018-06-27,2698,47068
0.13,75,65,0,2018-06-28,2732,50627
0,87,66,0,2018-06-29,2847,62603
0,91,64,0,2018-06-30,2194,58143
0,94,69,0,2018-07-01,1866,45345
0,96,69,0,2018-07-02,2200,35235
0,98,74,1,2018-07-03,1773,29297
1.73,99,70,1,2018-07-04,2493,71608
0,92,73,0,2018-07-05,2511,45080
0.48,91,70,0,2018-07-06,2217,43578
0.04,84,62,0,2018-07-07,2867,80343
0,77,54,0,2018-07-08,2399,68338
0,83,56,0,2018-07-09,2871,53598
0,86,59,0,2018-07-10,3114,49257
0,92,70,0,2018-07-11,3022,53376
0,88,68,0,2018-07-12,2784,45509
0,84,60,0,2018-07-13,3124,60943
0,86,60,0,2018-07-14,2950,77777
0,90,68,0,2018-07-15,1850,47261
0.38,84,69,1,2018-07-16,2851,51034
0,91,72,0,2018-07-17,2495,40603
0.69,91,65,0,2018-07-18,3326,64300
0,86,58,0,2018-07-19,3250,56521
0,85,60,0,2018-07-20,3236,66223
0,84,60,0,2018-07-21,1286,27855
0.99,76,65,0,2018-07-22,2237,56556
0.19,86,70,0,2018-07-23,2560,43344
0.15,86,75,0,2018-07-24,2537,50040
0.49,87,71,0,2018-07-25,2010,35309
0.05,82,70,0,2018-07-26,2838,52154
0,85,68,0,2018-07-27,2592,46823
0.09,88,67,1,2018-07-28,2615,74577
0,87,63,0,2018-07-29,2658,78710
0,83,61,0,2018-07-30,2954,52763
0,76,64,0,2018-07-31,3180,58312
0.15,80,71,0,2018-08-01,2852,49662
0.02,85,72,0,2018-08-02,2717,44940
0.06,88,71,0,2018-08-03,2370,42105
0.61,87,70,0,2018-08-04,2177,52057
0.15,85,68,0,2018-08-05,2145,55372
0,93,71,0,2018-08-06,2835,53157
0,91,71,0,2018-08-07,2894,50415
0.01,88,70,0,2018-08-08,2927,46900
0.02,93,73,1,2018-08-09,2860,55869
0,90,66,0,2018-08-10,2977,57420
0,91,72,0,2018-08-11,1915,51374
0.32,81,69,0,2018-08-12,2122,59370
0.48,87,72,0,2018-08-13,2026,41918
0.55,80,65,0,2018-08-14,2679,48308
0.31,84,67,0,2018-08-15,3101,56221
0,89,69,0,2018-08-16,3006,59151
0,90,71,0,2018-08-17,2840,59081
0.23,90,71,0,2018-08-18,2066,69567
1.04,86,70,1,2018-08-19,849,23289
0.25,71,65,0,2018-08-20,2777,57082
0,78,64,0,2018-08-21,2686,42470
0.2,80,68,0,2018-08-22,2916,50375
0,83,64,0,2018-08-23,2912,49501
0,78,56,0,2018-08-24,2870,53749
0,84,57,0,2018-08-25,2488,71189
0,82,59,0,2018-08-26,2313,59367
0,86,67,0,2018-08-27,2558,47559
0,91,72,0,2018-08-28,2720,44605
0,95,74,1,2018-08-29,2612,41768
0,93,74,0,2018-08-30,2709,44943
0.03,89,70,0,2018-08-31,1573,26408
0.03,75,67,0,2018-09-01,2102,56773
0,78,64,0,2018-09-02,2393,65930
0,85,68,0,2018-09-03,1959,52570
0,93,72,0,2018-09-04,2167,54377
0,94,70,0,2018-09-05,2767,41771
0,94,74,0,2018-09-06,2767,46104
0,96,72,0,2018-09-07,2072,35815
0.48,84,66,0,2018-09-08,1632,48569
0.4,70,55,0,2018-09-09,383,9363
1.41,61,55,0,2018-09-10,1424,25101
0.07,69,60,1,2018-09-11,2522,44258
0.01,75,63,1,2018-09-12,2288,36275
0.01,81,70,0,2018-09-13,2608,46981
0,75,68,0,2018-09-14,2667,52397
0,73,64,0,2018-09-15,2575,67642
0,77,61,1,2018-09-16,2259,56527
0,82,62,0,2018-09-17,2428,41014
0.06,82,66,0,2018-09-18,2338,42506
0.56,83,63,0,2018-09-19,3065,56365
0,82,65,0,2018-09-20,2924,50702
0,73,63,0,2018-09-21,2804,56435
0,76,65,0,2018-09-22,2540,66699
0.08,75,57,0,2018-09-23,569,12880
0.71,61,57,0,2018-09-24,2070,44547
0.21,67,61,0,2018-09-25,1696,28272
1.96,77,64,1,2018-09-26,2279,40139
0.14,85,61,1,2018-09-27,2463,42220
0.85,71,61,0,2018-09-28,2440,46065
0,65,51,0,2018-09-29,2330,69747
0,78,51,1,2018-09-30,2078,63245
0,75,55,0,2018-10-01,2754,58015
0,80,60,0,2018-10-02,2771,54439
0.47,81,64,0,2018-10-03,2791,50419
0,78,55,1,2018-10-04,2462,47149
0.05,78,58,1,2018-10-05,2632,46812
0,68,61,0,2018-10-06,2320,58516
0,68,63,0,2018-10-07,2172,62550
0,78,65,1,2018-10-08,1934,47142
0,70,67,0,2018-10-09,2717,50860
0,79,68,1,2018-10-10,2798,47628
0,79,68,0,2018-10-11,1814,30135
1.4,78,57,0,2018-10-12,2506,52199
0.06,62,47,0,2018-10-13,1584,35207
0.02,55,39,0,2018-10-14,1547,35061
0.03,56,42,0,2018-10-15,1823,32375
0.08,70,50,0,2018-10-16,2421,42815
0,58,43,0,2018-10-17,2576,45958
0,64,41,0,2018-10-18,2292,40474
0,53,33,0,2018-10-19,2347,39822
0.1,60,36,0,2018-10-20,2136,53234
0,65,47,0,2018-10-21,1382,32332
0,49,33,0,2018-10-22,2344,41984
0,51,34,0,2018-10-23,2563,43123
0,61,42,0,2018-10-24,2278,30905
0,55,34,0,2018-10-25,2115,30667
0,52,34,0,2018-10-26,1979,31041
0.88,50,35,0,2018-10-27,608,13253
0.18,51,43,0,2018-10-28,1222,24000
0.01,55,44,0,2018-10-29,1992,31873
0,58,38,0,2018-10-30,2270,42220
0,59,34,0,2018-10-31,2428,39126
0,69,36,0,2018-11-01,2431,42853
0.03,71,48,0,2018-11-02,1929,32391
0.65,70,53,0,2018-11-03,1571,33674
0,58,34,0,2018-11-04,1600,39469
0.05,54,40,0,2018-11-05,853,14427
0.42,55,50,1,2018-11-06,1199,19040
0.8,63,45,0,2018-11-07,2221,39055
0,63,43,0,2018-11-08,2232,32786
0,56,37,0,2018-11-09,1182,19852
0.91,52,41,1,2018-11-10,1183,30201
0,45,28,0,2018-11-11,1364,28886
0,46,25,0,2018-11-12,1722,26811
1.13,49,28,0,2018-11-13,1481,22717
0.05,50,37,0,2018-11-14,1939,30549
0,43,31,0,2018-11-15,647,15730
1.16,44,29,1,2018-11-16,1204,18879
0,44,34,0,2018-11-17,1307,31172
0,47,28,0,2018-11-18,1364,47841
0,48,28,1,2018-11-19,1814,27947
0.02,49,33,1,2018-11-20,1731,33584
0,50,26,0,2018-11-21,1447,22981
0,47,21,0,2018-11-22,344,9117
0,27,14,0,2018-11-23,544,12407
0,33,14,0,2018-11-24,501,9944
2.91,51,27,1,2018-11-25,1015,24048
0,57,37,0,2018-11-26,1030,18738
0.76,54,39,0,2018-11-27,1544,24010
0,43,34,0,2018-11-28,1396,22977
0,40,34,0,2018-11-29,1476,23718
0,45,33,0,2018-11-30,1508,27907
0,42,28,1,2018-12-01,964,20264
0.52,50,29,0,2018-12-02,586,21462
0.09,59,49,1,2018-12-03,1635,35920
0,55,35,0,2018-12-04,1530,32523
0,42,26,0,2018-12-05,1354,25381
0,33,22,0,2018-12-06,1464,27160
0,38,25,0,2018-12-07,1410,23692
0,38,16,0,2018-12-08,860,16530
0,37,17,0,2018-12-09,690,12723
0,34,23,0,2018-12-10,1300,20832
0,37,20,0,2018-12-11,1512,23162
0,41,22,0,2018-12-12,1470,25758
0,43,29,0,2018-12-13,1484,25658
0,49,33,0,2018-12-14,1489,25760
0.16,53,37,0,2018-12-15,529,15333
0.64,50,41,0,2018-12-16,343,8015
0.42,43,34,0,2018-12-17,1311,25164
0,47,33,0,2018-12-18,1384,22233
0,39,20,0,2018-12-19,1478,21701
0,44,20,0,2018-12-20,977,13281
0.96,63,25,0,2018-12-21,923,25286
0.31,61,42,0,2018-12-22,660,15408
0,46,35,0,2018-12-23,608,15139
0.01,44,34,0,2018-12-24,615,15741
0,44,29,0,2018-12-25,290,11059
0,41,25,0,2018-12-26,791,16693
0,44,26,0,2018-12-27,938,17927
0.3,47,26,0,2018-12-28,398,7848
1.24,59,46,0,2018-12-29,856,17986
0,50,29,0,2018-12-30,731,13026
0,43,27,0,2018-12-31,487,12791
0.88,61,28,0,2019-01-01,804,24338
0,61,33,0,2019-01-02,1164,21579
0,41,33,0,2019-01-03,1386,22848
0,45,25,0,2019-01-04,1458,23115
0.28,47,29,0,2019-01-05,506,9525
0.18,47,33,0,2019-01-06,857,21154
0,51,27,0,2019-01-07,1144,18959
0.08,34,27,1,2019-01-08,1310,24241
0.16,41,34,0,2019-01-09,1339,22674
0,46,31,0,2019-01-10,1103,18003
0,37,23,0,2019-01-11,1073,18152
0,32,18,0,2019-01-12,626,12150
0.04,33,17,0,2019-01-13,345,6531
0,29,21,0,2019-01-14,1006,16870
0,33,16,0,2019-01-15,1199,21898
0,37,16,0,2019-01-16,1324,21262
0,38,22,0,2019-01-17,1294,21909
0.07,33,25,0,2019-01-18,960,16417
0,36,28,0,2019-01-19,727,18505
1.37,44,30,0,2019-01-20,380,7665
0.11,51,8,0,2019-01-21,307,8426
0,17,8,0,2019-01-22,952,16654
0,30,11,0,2019-01-23,1288,18390
0.07,57,27,0,2019-01-24,692,15065
0.88,60,31,0,2019-01-25,1213,20584
0,39,16,0,2019-01-26,794,19326
0,36,16,0,2019-01-27,792,19204
0,49,23,0,2019-01-28,1197,19330
0,32,18,0,2019-01-29,929,16931
0.25,43,18,0,2019-01-30,902,12966
0.01,33,4,0,2019-01-31,625,10322
0,17,4,0,2019-02-01,461,7486
0.05,16,5,0,2019-02-02,401,14589
0,30,5,1,2019-02-03,622,15876
0,50,19,1,2019-02-04,1395,26303
0,61,27,0,2019-02-05,1822,36258
0,66,31,0,2019-02-06,1254,21351
0.26,52,31,0,2019-02-07,1346,22644
0.01,44,39,0,2019-02-08,1070,23208
0.04,53,24,0,2019-02-09,667,19318
0,33,16,0,2019-02-10,621,15169
0.13,36,16,0,2019-02-11,584,11202
0.09,34,28,1,2019-02-12,311,6128
0.84,38,31,1,2019-02-13,1083,18299
0,43,31,0,2019-02-14,1349,24405
0,47,31,0,2019-02-15,1532,34284
0,65,35,0,2019-02-16,917,18199
0,44,22,0,2019-02-17,672,15183
0.33,39,23,0,2019-02-18,1081,17295
0,43,22,0,2019-02-19,1154,17866
0,37,24,0,2019-02-20,412,6571
0.6,34,26,1,2019-02-21,1282,21074
0,52,33,0,2019-02-22,1292,27097
0,45,31,0,2019-02-23,778,17634
0.36,44,32,0,2019-02-24,562,17965
0.05,47,35,0,2019-02-25,1122,17282
0,42,27,0,2019-02-26,1266,22144
0,40,24,0,2019-02-27,1210,22696
0,38,25,0,2019-02-28,1234,23645
0.16,39,26,0,2019-03-01,572,15532
0.58,34,27,0,2019-03-02,748,15666
0,41,32,0,2019-03-03,485,11671
1,43,32,1,2019-03-04,897,13982
0,38,17,0,2019-03-05,1033,16232
0,34,18,0,2019-03-06,841,13817
0,28,15,0,2019-03-07,949,14040
0,35,18,0,2019-03-08,1087,20068
0,42,20,0,2019-03-09,980,25591
0.71,49,32,0,2019-03-10,520,15220
0.13,47,39,0,2019-03-11,1450,23104
0,54,31,0,2019-03-12,1540,23712
0,45,23,0,2019-03-13,1438,27711
0,53,24,0,2019-03-14,1754,34072
0.01,70,38,0,2019-03-15,1743,33231
0.13,76,43,0,2019-03-16,1090,30144
0,51,27,0,2019-03-17,947,23457
0,47,27,0,2019-03-18,1457,27879
0,48,24,0,2019-03-19,1679,31028
0,50,25,0,2019-03-20,1637,26735
0.08,55,28,0,2019-03-21,554,9063
1.04,50,40,0,2019-03-22,1027,19804
0.03,50,34,0,2019-03-23,1056,21998
0,51,28,0,2019-03-24,1417,44534
0,62,29,0,2019-03-25,1049,16175
0.09,55,31,0,2019-03-26,1463,24572
0,49,28,0,2019-03-27,1672,33245
0,52,25,0,2019-03-28,1749,35394
0,60,27,0,2019-03-29,1769,35146
0,61,46,0,2019-03-30,2456,83029
0,76,49,0,2019-03-31,807,21681
0.13,63,30,0,2019-04-01,1280,19924
0,47,26,0,2019-04-02,1523,27969
0,54,30,0,2019-04-03,1873,33223
0,66,37,0,2019-04-04,1961,37209
0.01,64,39,0,2019-04-05,1010,19920
0.2,46,39,1,2019-04-06,2078,63657
0,67,40,0,2019-04-07,2152,68209
0.22,72,45,0,2019-04-08,2138,42591
0.01,80,50,0,2019-04-09,2178,40865
0.03,67,39,0,2019-04-10,2143,35222
0,62,40,0,2019-04-11,1830,31098
0,56,41,0,2019-04-12,1674,35433
0.39,77,50,0,2019-04-13,2168,68161
0,76,55,1,2019-04-14,1511,45315
0.86,73,57,1,2019-04-15,1495,24654
0.13,61,41,0,2019-04-16,2242,38928
0,66,45,0,2019-04-17,2127,36812
0,62,49,0,2019-04-18,2460,51302
0,82,55,0,2019-04-19,1843,35239
0.8,79,63,0,2019-04-20,1512,42573
0.05,72,51,0,2019-04-21,1780,57912
0,68,49,0,2019-04-22,2016,37917
0,65,48,0,2019-04-23,2529,52606
0,80,54,0,2019-04-24,2643,57402
0,71,49,0,2019-04-25,2249,45213
0.16,66,51,0,2019-04-26,1155,22785
0.81,68,50,1,2019-04-27,1983,49095
0,66,49,0,2019-04-28,1338,35282
0.01,63,35,0,2019-04-29,2014,34518
0.09,63,44,0,2019-04-30,2365,41717
0,73,50,0,2019-05-01,2202,35058
0,58,50,0,2019-05-02,2503,46520
0,81,49,0,2019-05-03,2203,44251
0,64,50,0,2019-05-04,2179,55508
0.32,71,55,0,2019-05-05,413,12193
1.1,56,50,0,2019-05-06,2264,47094
0,71,49,0,2019-05-07,2550,45704
0.74,78,53,0,2019-05-08,2077,36301
0,68,53,0,2019-05-09,2096,33967
0,63,55,0,2019-05-10,2252,42455
0.05,77,58,0,2019-05-11,2115,63668
0.56,70,50,0,2019-05-12,304,6780
0.79,51,44,0,2019-05-13,602,10211
0.54,50,45,0,2019-05-14,1597,30862
0.01,55,40,0,2019-05-15,2392,53876
0.01,71,51,0,2019-05-16,2516,51009
0,73,52,0,2019-05-17,2517,55890
0.54,79,56,0,2019-05-18,2595,74453
0,75,54,0,2019-05-19,2113,66317
0,84,61,0,2019-05-20,2327,51342
0,88,59,0,2019-05-21,2745,51216
0,71,47,0,2019-05-22,2688,54030
0,75,54,0,2019-05-23,2228,43085
0.14,72,60,1,2019-05-24,2682,59563
0,79,53,0,2019-05-25,2262,66334
0,72,59,0,2019-05-26,2362,76693
0.05,87,64,0,2019-05-27,2483,73450
0,81,57,1,2019-05-28,1877,38311
0.2,81,64,0,2019-05-29,2156,40587
1.4,86,62,1,2019-05-30,2248,43531
0.7,80,64,1,2019-05-31,2925,61974
0,80,58,0,2019-06-01,2599,72515
0,81,61,0,2019-06-02,2180,57699
0.17,81,52,1,2019-06-03,3043,60716
0,72,46,0,2019-06-04,3124,66630
0,71,59,0,2019-06-05,2672,51242
0.45,82,58,0,2019-06-06,2954,68929
0,84,65,0,2019-06-07,2964,60819
0,84,60,0,2019-06-08,2700,70399
0,78,56,0,2019-06-09,2504,74650
0.02,78,60,0,2019-06-10,1453,28255
0.43,78,63,0,2019-06-11,3092,65557
0,78,51,0,2019-06-12,3166,67870
0.71,74,56,0,2019-06-13,1810,52743
1.06,70,52,0,2019-06-14,2814,59805
0,72,50,0,2019-06-15,2462,93172
0,82,62,0,2019-06-16,1949,63370
0.54,82,67,0,2019-06-17,2435,52000
0.19,81,68,0,2019-06-18,2720,58902
0.03,85,69,0,2019-06-19,2573,51673
2.73,78,67,1,2019-06-20,2350,52848
1.36,87,69,0,2019-06-21,2761,66742
0,78,61,0,2019-06-22,2803,80502
0,80,57,0,2019-06-23,2872,76313
0,82,58,0,2019-06-24,3013,69909
0,86,71,0,2019-06-25,3150,65486
0,86,65,0,2019-06-26,3030,62357
0,88,68,0,2019-06-27,3075,62939
0,90,66,0,2019-06-28,2699,65523
0.23,91,68,0,2019-06-29,2304,68330
0.24,91,67,0,2019-06-30,2721,82957
0,86,60,0,2019-07-01,3217,75526
0,83,63,0,2019-07-02,2887,68845
0.07,88,70,0,2019-07-03,2937,70137
0,87,70,0,2019-07-04,2670,81811
0,92,72,0,2019-07-05,2557,71554
1.5,89,72,1,2019-07-06,1834,55767
0.19,87,70,0,2019-07-07,2506,73915
0.05,84,69,0,2019-07-08,2402,56215
0.11,77,62,0,2019-07-09,3254,70487
0,88,67,0,2019-07-10,3222,72017
0,89,65,0,2019-07-11,2003,43052
1.54,86,70,0,2019-07-12,3125,69986
0,88,65,0,2019-07-13,2692,74870
0,88,68,0,2019-07-14,2521,79233
0,90,63,0,2019-07-15,3213,71801
0,87,63,0,2019-07-16,3170,76643
0,92,73,0,2019-07-17,2548,54020
0.27,96,72,0,2019-07-18,2317,50209
0.65,88,74,1,2019-07-19,2703,64239
0,93,75,0,2019-07-20,1937,59701
0,97,77,0,2019-07-21,1678,55967
0.24,98,73,0,2019-07-22,2259,51319
0.89,93,68,1,2019-07-23,2401,61045
0.29,74,64,0,2019-07-24,3446,87812
0,85,62,0,2019-07-25,3108,64193
0,86,62,0,2019-07-26,3058,69591
0,88,64,0,2019-07-27,2642,81929
0,89,66,0,2019-07-28,2376,71060
0,91,70,0,2019-07-29,3076,69350
0,93,71,0,2019-07-30,3052,70337
0,94,68,0,2019-07-31,2933,58574
0.9,94,68,0,2019-08-01,3041,63455
0,88,67,0,2019-08-02,3049,68467
0,86,67,0,2019-08-03,2965,89658
0,87,70,0,2019-08-04,2392,72111
0,90,71,0,2019-08-05,2950,67543
0,86,71,1,2019-08-06,3242,68438
0.01,85,70,0,2019-08-07,2359,60806
1.92,91,67,1,2019-08-08,3459,76240
0.25,87,66,1,2019-08-09,3306,77103
0,87,59,0,2019-08-10,2897,92224
0,84,57,0,2019-08-11,2771,88097
0,82,58,0,2019-08-12,3437,82778
0,86,64,0,2019-08-13,2537,54818
0.15,79,70,0,2019-08-14,2683,71797
0.31,79,69,0,2019-08-15,3440,79797
0,83,69,0,2019-08-16,3524,85838
0.12,85,71,1,2019-08-17,2782,78980
0,89,71,0,2019-08-18,2261,71219
0.27,90,71,0,2019-08-19,2984,65775
0.14,94,70,0,2019-08-20,3208,76449
0,89,73,0,2019-08-21,2888,69033
1.3,90,71,0,2019-08-22,3105,76993
0.15,91,68,0,2019-08-23,2665,69356
0.09,70,60,0,2019-08-24,3304,103216
0,78,58,0,2019-08-25,2868,79324
0,76,59,0,2019-08-26,3439,71477
0,74,57,0,2019-08-27,3415,75905
0,75,60,0,2019-08-28,3333,79673
0.02,79,61,0,2019-08-29,3483,78380
0,82,56,0,2019-08-30,3441,88367
0,87,62,0,2019-08-31,2596,109076
0,83,58,0,2019-09-01,3167,107338
0,82,63,0,2019-09-02,1849,70406
0.4,86,65,0,2019-09-03,3411,81254
0,84,63,0,2019-09-04,3326,70184
0,90,65,0,2019-09-05,3646,76660
0,75,63,0,2019-09-06,2433,57532
0.01,68,55,0,2019-09-07,3265,99358
0,80,55,0,2019-09-08,2700,92214
0,82,62,0,2019-09-09,3486,76141
0,83,60,0,2019-09-10,3587,86018
0,81,62,0,2019-09-11,3446,97803
0.01,90,68,0,2019-09-12,2840,68399
1.01,87,61,1,2019-09-13,3373,89283
0,70,59,0,2019-09-14,2817,86386
0.03,78,63,0,2019-09-15,2645,81240
0,84,60,0,2019-09-16,3331,72840
0,82,62,0,2019-09-17,3587,76455
0,78,52,0,2019-09-18,3585,75387
0,73,49,0,2019-09-19,2417,63642
0,71,45,0,2019-09-20,3541,82827
0,78,48,0,2019-09-21,2954,79802
0,84,54,0,2019-09-22,2549,77519
0,88,59,0,2019-09-23,3335,75078
0.05,90,60,0,2019-09-24,3553,65085
0,78,51,0,2019-09-25,3717,80722
0,80,53,0,2019-09-26,3421,67356
0,85,51,0,2019-09-27,3450,72311
0,79,55,0,2019-09-28,2769,77979
0.13,85,58,0,2019-09-29,2574,71283
0,80,61,0,2019-09-30,3136,57357
0,71,62,0,2019-10-01,3509,62349
0,82,67,0,2019-10-02,3454,60753
0.13,94,61,0,2019-10-03,2026,42697
0.1,62,59,0,2019-10-04,3140,67001
0,68,43,0,2019-10-05,2377,63305
0,62,45,0,2019-10-06,2255,54638
0,71,56,0,2019-10-07,3189,56554
0.06,81,58,0,2019-10-08,3063,49367
0,64,56,0,2019-10-09,1871,30458
0.45,64,51,0,2019-10-10,3173,54147
0,74,51,0,2019-10-11,2964,54402
0,65,47,0,2019-10-12,2453,68010
0,70,47,0,2019-10-13,2096,51725
0,68,49,0,2019-10-14,2893,53603
0,73,43,0,2019-10-15,3117,59694
0,67,45,0,2019-10-16,1688,28470
2.26,66,50,0,2019-10-17,2603,45152
0,59,46,0,2019-10-18,2693,53406
0,59,35,0,2019-10-19,2153,64467
0,63,36,0,2019-10-20,672,21093
0.73,55,46,0,2019-10-21,2862,52773
0,68,50,0,2019-10-22,1816,28675
0.63,68,50,0,2019-10-23,3037,54889
0,65,37,0,2019-10-24,3015,53938
0,68,38,0,2019-10-25,2920,52498
0,67,43,0,2019-10-26,2013,48893
0.2,65,51,0,2019-10-27,1221,28362
0.48,73,46,0,2019-10-28,2928,49962
0.07,65,47,0,2019-10-29,2343,37512
0.12,64,55,0,2019-10-30,2204,38580
0.22,66,59,0,2019-10-31,1866,30900
0.25,75,44,0,2019-11-01,2378,38385
0,54,31,0,2019-11-02,1762,50368
0,56,31,0,2019-11-03,1764,39677
0,53,28,0,2019-11-04,2472,39472
0.03,59,29,0,2019-11-05,2581,42610
0,62,36,0,2019-11-06,2610,44667
0,56,33,0,2019-11-07,2158,31894
0.1,61,32,0,2019-11-08,1996,38055
0,42,19,0,2019-11-09,1238,28967
0,43,20,0,2019-11-10,1432,33297
0,54,31,0,2019-11-11,2453,44452
0.01,66,34,0,2019-11-12,1326,21731
0.08,53,21,0,2019-11-13,1624,25435
0,35,18,0,2019-11-14,1905,35768
0,46,18,0,2019-11-15,2006,34024
0,52,28,0,2019-11-16,1015,25644
0,42,30,0,2019-11-17,1095,20216
0,43,31,0,2019-11-18,1903,27114
0.12,43,35,0,2019-11-19,2298,37040
0,49,35,0,2019-11-20,2065,34368
0,50,33,0,2019-11-21,2178,34820
0,53,33,0,2019-11-22,1845,32879
0.05,54,26,0,2019-11-23,1295,29595
0.72,44,28,0,2019-11-24,918,25438
0.19,44,30,0,2019-11-25,2048,36131
0,54,30,1,2019-11-26,2217,41394
0,62,30,1,2019-11-27,1830,33809
0,58,42,0,2019-11-28,558,18050
0,53,30,0,2019-11-29,871,15615
0,42,30,0,2019-11-30,968,22462
0,43,28,0,2019-12-01,392,9200
0.64,43,33,1,2019-12-02,986,18262
0.19,37,32,0,2019-12-03,1624,26927
0,41,32,0,2019-12-04,1520,24825
0.04,42,34,0,2019-12-05,1686,28493
0,44,28,0,2019-12-06,1711,29175
0.02,50,28,0,2019-12-07,1120,19880
0,40,17,0,2019-12-08,1061,19757
0.31,44,17,0,2019-12-09,659,12841
1.09,58,42,0,2019-12-10,1334,19967
0.41,58,32,0,2019-12-11,1380,22610
0,38,24,0,2019-12-12,1602,27792
0,37,23,0,2019-12-13,1222,18984
0.95,51,32,0,2019-12-14,779,17665
0.02,58,41,1,2019-12-15,924,25838
0,49,35,0,2019-12-16,1030,17456
1.11,36,32,0,2019-12-17,847,20438
0.17,37,29,0,2019-12-18,1331,19732
0,39,16,0,2019-12-19,1156,18887
0,28,16,0,2019-12-20,1244,21922
0,35,19,0,2019-12-21,726,13491
0,36,17,0,2019-12-22,823,24854
0,48,18,0,2019-12-23,1209,21081
0,55,26,0,2019-12-24,848,16399
0,51,23,0,2019-12-25,322,7962
0,48,23,0,2019-12-26,886,17385
0,48,26,0,2019-12-27,1300,28154
0,55,31,1,2019-12-28,965,24753
0,54,29,0,2019-12-29,534,16699
0.61,47,32,0,2019-12-30,571,9354
0.15,45,37,0,2019-12-31,1188,24154
0,46,37,0,2020-01-01,629,22636
0,41,21,0,2020-01-02,1297,23744
0.12,50,21,0,2020-01-03,1073,18370
0.26,48,43,1,2020-01-04,741,16274
0.07,53,38,0,2020-01-05,814,14849
0,43,33,0,2020-01-06,1476,24038
0,49,29,0,2020-01-07,1065,24673
0.19,45,29,0,2020-01-08,1345,20470
0,40,22,0,2020-01-09,1420,23528
0,34,22,0,2020-01-10,1612,25487
0,57,31,0,2020-01-11,1600,52015
0.12,68,53,0,2020-01-12,1555,44143
0.01,67,39,0,2020-01-13,1642,29518
0,46,33,0,2020-01-14,1395,20887
0.06,46,36,0,2020-01-15,1871,30837
0.11,52,36,0,2020-01-16,1624,27520
0,51,24,0,2020-01-17,1267,22481
0,32,19,0,2020-01-18,498,8851
0.27,39,20,1,2020-01-19,824,17692
0,43,21,0,2020-01-20,905,15685
0,32,16,0,2020-01-21,1311,16230
0,34,15,0,2020-01-22,1444,25255
0,39,15,0,2020-01-23,1517,22860
0,46,18,0,2020-01-24,1605,32936
0.02,56,25,0,2020-01-25,510,9579
1.4,56,30,0,2020-01-26,928,22189
0,46,30,0,2020-01-27,1433,25249
0,46,35,0,2020-01-28,1514,23497
0,43,35,0,2020-01-29,1584,22450
0,42,24,0,2020-01-30,1512,25764
0,37,24,0,2020-01-31,1412,24860
0.04,46,33,1,2020-02-01,983,20793
0.05,42,34,1,2020-02-02,788,16307
0.02,43,31,1,2020-02-03,1731,31839
0,59,35,0,2020-02-04,1441,26628
0.06,62,39,0,2020-02-05,1387,23937
0.33,43,35,0,2020-02-06,970,17133
0.33,48,39,1,2020-02-07,1185,19605
0.23,60,30,0,2020-02-08,899,17213
0,43,24,0,2020-02-09,994,21952
0.02,49,26,0,2020-02-10,851,12076
0.51,47,42,0,2020-02-11,1193,17713
0.14,50,37,0,2020-02-12,1535,27070
0.15,48,36,1,2020-02-13,1168,17133
0.22,46,34,0,2020-02-14,1205,20192
0,36,11,0,2020-02-15,695,13471
0,34,11,0,2020-02-16,1014,24018
0,49,26,0,2020-02-17,1615,28077
0,52,29,0,2020-02-18,1857,30392
0,63,37,0,2020-02-19,1836,30771
0,50,25,0,2020-02-20,1590,24500
0,37,19,0,2020-02-21,1442,23570
0,36,19,0,2020-02-22,1210,29573
0,51,19,0,2020-02-23,1249,34103
0,57,23,0,2020-02-24,1883,36232
0,62,26,0,2020-02-25,1221,18851
0.22,49,44,1,2020-02-26,1754,26667
0.2,52,40,0,2020-02-27,1379,21711
0,43,28,0,2020-02-28,1560,23046
0,43,27,0,2020-02-29,889,15755
0,36,25,0,2020-03-01,989,19431
0,45,25,0,2020-03-02,1911,32377
0.02,66,30,0,2020-03-03,1667,28324
0.3,59,40,0,2020-03-04,2032,39885
0,58,36,0,2020-03-05,2011,36840
0,53,29,0,2020-03-06,1055,16354
0.35,44,35,0,2020-03-07,1104,21398
0,48,23,0,2020-03-08,1404,40678
0,59,25,0,2020-03-09,2308,49012
0,72,33,0,2020-03-10,1914,32381
0.02,68,43,0,2020-03-11,2074,38317
0,60,33,0,2020-03-12,1797,33163
0.3,57,39,0,2020-03-13,1689,36244
0,72,41,0,2020-03-14,1486,40601
0.02,57,39,0,2020-03-15,1151,29957
0,55,30,0,2020-03-16,1092,19016
0.06,49,34,0,2020-03-17,886,21284
0.01,57,35,0,2020-03-18,1115,29750
1.13,59,36,0,2020-03-19,916,20164
0.01,54,45,0,2020-03-20,1365,46680
0,81,45,0,2020-03-21,1387,50097
0,54,34,0,2020-03-22,813,22382
0.04,44,35,0,2020-03-23,256,5318
0.71,45,38,0,2020-03-24,975,28190
0.01,56,40,0,2020-03-25,576,13001
0,47,32,0,2020-03-26,1223,35702
0.01,59,35,0,2020-03-27,1307,44637
0.01,69,46,0,2020-03-28,304,8032
0.82,49,46,0,2020-03-29,834,26551
0,52,46,0,2020-03-30,786,23202
0.13,54,42,1,2020-03-31,675,18842
0,46,39,0,2020-04-01,850,23503
0,55,38,0,2020-04-02,778,21937
0,57,42,0,2020-04-03,830,22889
0,56,46,0,2020-04-04,1046,34439
0,58,39,0,2020-04-05,1360,51387
0.02,67,46,0,2020-04-06,1295,38728
0,66,39,0,2020-04-07,1156,36922
0.43,68,46,1,2020-04-08,1149,36702
0.03,73,43,0,2020-04-09,793,19208
0.07,67,39,0,2020-04-10,744,21052
0,50,37,0,2020-04-11,1278,37086
0,55,32,0,2020-04-12,1402,52962
1.02,70,41,0,2020-04-13,501,12679
0.77,71,44,0,2020-04-14,1082,37017
0.14,57,38,0,2020-04-15,947,26977
0,52,38,0,2020-04-16,875,26673
0,50,27,0,2020-04-17,948,29402
0.07,53,36,0,2020-04-18,819,27315
0.01,48,28,0,2020-04-19,1520,74163
0,62,38,0,2020-04-20,961,35281
0,58,41,0,2020-04-21,804,22176
0.14,65,35,1,2020-04-22,958,26989
0,53,33,0,2020-04-23,809,23565
0.92,59,40,0,2020-04-24,599,15597
0.4,50,39,1,2020-04-25,2289,97785
0.03,67,46,0,2020-04-26,443,12213
0.07,50,40,0,2020-04-27,767,21199
0,53,35,0,2020-04-28,1561,50039
0,66,43,0,2020-04-29,1246,34818
0,64,53,0,2020-04-30,673,17263
0.67,67,56,0,2020-05-01,1300,46949
0.02,69,49,0,2020-05-02,3005,175848
0.11,72,54,0,2020-05-03,2409,161044
0.37,79,54,0,2020-05-04,1737,74065
0,73,46,0,2020-05-05,1488,56172
0,59,48,0,2020-05-06,846,28898
0.06,54,42,0,2020-05-07,2025,77345
0,66,47,0,2020-05-08,828,21110
0.24,53,33,0,2020-05-09,932,30862
0,48,36,0,2020-05-10,1891,76309
0.01,64,41,0,2020-05-11,997,24881
0.03,62,43,0,2020-05-12,1364,46214
0,60,35,0,2020-05-13,1934,76917
0,65,37,0,2020-05-14,2077,85205
0,76,47,0,2020-05-15,2598,125863
0,85,66,0,2020-05-16,3630,202648
0,77,52,0,2020-05-17,2827,149124
0,69,52,0,2020-05-18,1876,76571
0,67,50,0,2020-05-19,1968,68272
0,67,48,0,2020-05-20,1809,64968
0,61,40,0,2020-05-21,2504,102626
0,74,50,0,2020-05-22,1199,36322
0.4,74,57,1,2020-05-23,1889,89239
0.44,75,51,1,2020-05-24,2959,145982
0,66,53,0,2020-05-25,3024,144856
0,74,56,1,2020-05-26,2725,108795
0,82,58,1,2020-05-27,2845,124174
0,83,59,1,2020-05-28,1993,71821
0.01,79,69,0,2020-05-29,2443,103650
0,86,68,0,2020-05-30,3766,188287
0,82,57,0,2020-05-31,2762,139569
0,71,44,0,2020-06-01,2221,90313
0,73,52,0,2020-06-02,2134,82762
0,74,58,0,2020-06-03,1605,58787
0.73,87,63,1,2020-06-04,2358,93551
0.62,89,68,1,2020-06-05,1652,49230
1.31,84,69,1,2020-06-06,4086,178583
0,88,63,0,2020-06-07,3645,167738
0,78,53,0,2020-06-08,2800,101639
0,79,56,0,2020-06-09,2825,95895
0,87,65,0,2020-06-10,2683,95245
0.03,92,73,0,2020-06-11,1889,56378
0.92,79,64,1,2020-06-12,3253,125463
0,85,61,0,2020-06-13,4024,156261
0,75,54,0,2020-06-14,3961,169991
0,75,54,0,2020-06-15,2935,101279
0,76,55,0,2020-06-16,3188,115684
0,75,56,0,2020-06-17,2969,98786
0,73,62,1,2020-06-18,2649,81001
0.26,81,62,1,2020-06-19,3314,103879
0.02,86,62,0,2020-06-20,2650,92403
0.37,85,65,0,2020-06-21,2934,115028
0,86,64,0,2020-06-22,2822,83445
0,89,67,0,2020-06-23,2932,92051
0,91,73,0,2020-06-24,3310,103701
0,85,64,0,2020-06-25,3088,99130
0,84,61,0,2020-06-26,3241,97342
0,87,62,0,2020-06-27,3180,112700
0.03,88,70,0,2020-06-28,3187,139320
0,91,69,0,2020-06-29,2816,101337
0,89,64,0,2020-06-30,2939,93560
0,85,64,0,2020-07-01,3157,102188
0,85,64,0,2020-07-02,3194,92909
0,93,70,0,2020-07-03,2923,86547
0.09,95,70,1,2020-07-04,3302,123831
0.01,88,69,0,2020-07-05,2942,119060
0,95,72,0,2020-07-06,1667,45456
1.98,93,64,1,2020-07-07,2958,88145
0,89,71,0,2020-07-08,2952,80362
0,90,71,0,2020-07-09,3163,77706
0.03,91,73,0,2020-07-10,942,26683
2.22,77,70,1,2020-07-11,3182,105152
0,88,70,0,2020-07-12,3204,100092
0.02,89,68,0,2020-07-13,3049,82266
0,87,63,0,2020-07-14,3234,86090
0,86,64,0,2020-07-15,3177,84905
0,84,64,0,2020-07-16,3471,93487
0,82,67,0,2020-07-17,3089,80429
0,89,68,1,2020-07-18,3351,97676
0,93,69,0,2020-07-19,2696,93513
0,95,75,0,2020-07-20,2682,70892
0,95,71,0,2020-07-21,2859,65440
0.07,95,73,0,2020-07-22,2174,49601
0.14,94,71,1,2020-07-23,2865,69599
0.63,89,72,1,2020-07-24,2473,61722
0.42,82,70,1,2020-07-25,3593,117853
0,89,72,0,2020-07-26,2834,98023
0,93,70,0,2020-07-27,2970,73576
0,95,75,0,2020-07-28,2974,79250
0,92,71,0,2020-07-29,3214,81519
0,92,68,0,2020-07-30,3008,69881
0.62,94,70,1,2020-07-31,2730,69739
0.06,82,68,0,2020-08-01,3484,109168
0,90,74,0,2020-08-02,2829,94277
0,93,75,0,2020-08-03,2602,72839
1.06,90,69,1,2020-08-04,1802,52214
0.86,81,68,0,2020-08-05,3210,77146
0,88,67,0,2020-08-06,2448,61251
0.34,81,69,1,2020-08-07,2039,51798
0.29,79,68,1,2020-08-08,3513,108581
0,85,66,0,2020-08-09,2991,95763
0,88,70,0,2020-08-10,2819,65762
0,93,71,0,2020-08-11,2860,69475
1.18,88,72,1,2020-08-12,2001,51121
1.73,89,70,0,2020-08-13,2104,45507
0.34,79,71,0,2020-08-14,3237,91188
0,85,65,0,2020-08-15,3703,98193
0.24,82,67,0,2020-08-16,1913,57608
0.19,74,61,1,2020-08-17,2734,74164
0,84,64,0,2020-08-18,3112,84897
0,85,64,0,2020-08-19,2740,68969
0,79,58,0,2020-08-20,3146,93458
0,82,60,0,2020-08-21,3379,88328
0,86,64,0,2020-08-22,3509,113299
0,88,67,0,2020-08-23,2137,62001
0.17,85,68,1,2020-08-24,2801,60595
0,90,69,0,2020-08-25,2986,68902
0,90,64,0,2020-08-26,3160,66734
0,81,66,0,2020-08-27,2996,68030
0,91,69,0,2020-08-28,2294,57606
0.68,89,69,1,2020-08-29,2422,73468
0.11,81,63,1,2020-08-30,3596,114883
0,79,58,0,2020-08-31,2404,51180
0.06,77,62,0,2020-09-01,2928,66489
0,81,67,0,2020-09-02,2729,57609
0.03,85,67,0,2020-09-03,2509,57906
0.04,88,67,0,2020-09-04,3178,73338
0,88,59,0,2020-09-05,3344,113621
0,80,55,0,2020-09-06,3326,104708
0,84,56,0,2020-09-07,3317,101488
0,83,58,0,2020-09-08,2924,64119
0,86,64,0,2020-09-09,2841,63526
0.13,77,69,0,2020-09-10,2044,36877
0.28,82,73,0,2020-09-11,3301,74519
0,76,58,0,2020-09-12,4201,117087
0,74,57,0,2020-09-13,2998,86598
0,79,63,0,2020-09-14,2691,58232
0,76,50,0,2020-09-15,2939,62211
0,67,45,0,2020-09-16,3111,61169
0,73,48,0,2020-09-17,2761,56120
0.32,75,60,0,2020-09-18,3178,68754
0,71,45,0,2020-09-19,3401,91139
0,64,41,0,2020-09-20,2739,75556
0,64,43,0,2020-09-21,2480,50419
0,66,40,0,2020-09-22,2903,59285
0,74,44,0,2020-09-23,3026,60934
0,81,52,0,2020-09-24,3315,68633
0,74,54,1,2020-09-25,3152,66378
0.02,77,58,0,2020-09-26,2447,69540
0.03,78,62,0,2020-09-27,2518,66146
0.05,79,66,0,2020-09-28,2643,60314
0,82,63,0,2020-09-29,1602,29582
3.14,74,56,0,2020-09-30,2817,58154
0,71,51,0,2020-10-01,2940,64140
0.09,73,54,0,2020-10-02,2747,54966
0,67,44,0,2020-10-03,3224,95761
0,66,42,0,2020-10-04,2796,74420
0.01,67,45,0,2020-10-05,2491,49966
0,69,44,0,2020-10-06,2978,60228
0,71,46,0,2020-10-07,3027,55935
0,76,51,0,2020-10-08,2827,53582
0,67,41,0,2020-10-09,3098,59571
0,71,42,0,2020-10-10,3430,97592
0,73,53,1,2020-10-11,2124,48465
0.86,67,53,0,2020-10-12,1106,19324
0.24,59,53,0,2020-10-13,2353,43138
0,64,45,1,2020-10-14,2888,56574
0,70,46,1,2020-10-15,3060,58579
0.03,75,50,0,2020-10-16,1170,20750
1.27,59,42,0,2020-10-17,2986,78248
0,60,34,0,2020-10-18,2456,59091
0,67,35,0,2020-10-19,2381,49800
0.03,70,45,0,2020-10-20,2447,48722
0.02,73,58,1,2020-10-21,2496,54992
0.01,79,58,1,2020-10-22,2745,50797
0,77,61,1,2020-10-23,3010,64822
0,72,60,0,2020-10-24,3052,75622
0,73,44,0,2020-10-25,1572,31755
0.05,57,45,0,2020-10-26,1518,28892
0.03,65,55,1,2020-10-27,2298,39221
0,62,54,0,2020-10-28,2117,36913
0.22,61,53,0,2020-10-29,596,10687
1.79,55,43,0,2020-10-30,1503,25852
0.09,47,29,0,2020-10-31,1705,41884
0,48,32,0,2020-11-01,879,17970
0.64,55,38,0,2020-11-02,1487,26986
0,47,34,0,2020-11-03,1961,38148
0,57,32,0,2020-11-04,2079,41825
0,67,33,1,2020-11-05,2346,40583
0,71,43,1,2020-11-06,2648,54149
0,71,41,1,2020-11-07,3473,106242
0,75,39,1,2020-11-08,2553,71754
0,77,40,1,2020-11-09,2347,43997
0,75,42,1,2020-11-10,2468,46410
0,76,46,1,2020-11-11,1166,22405
2.2,72,60,0,2020-11-12,1371,24856
0.16,66,46,0,2020-11-13,2021,40174
0.08,54,37,0,2020-11-14,2226,55499
0,54,31,0,2020-11-15,1597,32505
0.53,65,34,0,2020-11-16,1813,30512
0,56,29,0,2020-11-17,1566,27792
0,52,30,0,2020-11-18,1503,26062
0,39,21,0,2020-11-19,1532,25938
0,49,21,0,2020-11-20,1997,41658
0,65,38,0,2020-11-21,2256,57179
0,66,38,0,2020-11-22,1352,28489
0.33,59,45,0,2020-11-23,1353,25331
0,55,36,0,2020-11-24,1585,29810
0,49,35,0,2020-11-25,1455,31816
0.15,60,35,0,2020-11-26,845,20039
0.07,67,44,0,2020-11-27,1368,32376
0,59,42,0,2020-11-28,1694,46006
0,57,28,0,2020-11-29,1555,38515
0.04,55,28,0,2020-11-30,628,13492
1.31,66,45,1,2020-12-01,1311,21631
0,48,34,0,2020-12-02,1263,20220
0,44,27,0,2020-12-03,1392,23535
0,50,27,0,2020-12-04,884,17948
1.16,48,40,0,2020-12-05,1011,23701
0.11,46,36,0,2020-12-06,1042,25264
0,41,26,0,2020-12-07,1023,18888
0,38,28,0,2020-12-08,1147,21108
0,40,26,0,2020-12-09,1093,20858
0.01,40,30,0,2020-12-10,1299,21796
0,50,25,0,2020-12-11,1579,32794
0,59,27,0,2020-12-12,1554,35652
0,63,40,0,2020-12-13,1499,33977
0,63,38,0,2020-12-14,632,12608
0.47,42,26,0,2020-12-15,1189,20115
0,39,26,0,2020-12-16,539,10181
0.63,34,23,1,2020-12-17,233,4802
0,35,21,0,2020-12-18,456,9808
0,35,14,0,2020-12-19,411,9476
0,32,16,0,2020-12-20,411,9780
0,38,28,1,2020-12-21,791,15111
0.12,42,32,1,2020-12-22,976,17383
0,45,27,0,2020-12-23,1123,21415
0,49,27,0,2020-12-24,729,13058
1.27,64,49,0,2020-12-25,273,8593
0.05,56,22,0,2020-12-26,539,9287
0,32,19,0,2020-12-27,596,10883
0,38,19,0,2020-12-28,1035,23073
0,51,31,0,2020-12-29,830,14313
0,39,22,0,2020-12-30,900,17753
0,50,26,0,2020-12-31,727,13660
0.06,49,23,0,2021-01-01,379,7940
0.82,42,24,0,2021-01-02,1161,32666
0,53,32,0,2021-01-03,451,9372
0.25,38,34,0,2021-01-04,964,16009
0,42,35,0,2021-01-05,1000,17408
0,40,35,0,2021-01-06,1005,16464
0,43,30,0,2021-01-07,1079,21044
0,43,24,0,2021-01-08,1042,19006
0,35,24,0,2021-01-09,971,19613
0,40,23,0,2021-01-10,991,20183
0,44,18,0,2021-01-11,1033,17215
0,39,20,0,2021-01-12,1047,16923
0,43,21,0,2021-01-13,1166,19875
0,46,25,1,2021-01-14,1185,18922
0,50,28,1,2021-01-15,1289,25119
0.4,52,31,0,2021-01-16,1152,23934
0.01,47,33,0,2021-01-17,979,24410
0,46,31,0,2021-01-18,1103,23693
0,46,27,0,2021-01-19,1161,19943
0,46,26,0,2021-01-20,978,16658
0,41,18,0,2021-01-21,1157,20969
0,44,19,0,2021-01-22,1271,23597
0,46,28,0,2021-01-23,799,15166
0,34,21,0,2021-01-24,727,15706
0,35,21,0,2021-01-25,1034,17284
0,35,26,0,2021-01-26,665,11807
0.1,38,34,1,2021-01-27,1110,18345
0,40,27,0,2021-01-28,911,13220
0,34,20,0,2021-01-29,763,12146
0,27,11,0,2021-01-30,821,15397
0,34,12,0,2021-01-31,417,6394
0.22,29,23,1,2021-02-01,91,1496
0.6,31,28,1,2021-02-02,151,2889
0.09,33,27,0,2021-02-03,432,7538
0,36,28,0,2021-02-04,640,11407
0,41,28,0,2021-02-05,850,15337
0.02,50,24,0,2021-02-06,906,18920
0,45,30,0,2021-02-07,329,7367
0.45,36,16,0,2021-02-08,722,10518
0,31,14,0,2021-02-09,769,11628
0,34,19,0,2021-02-10,883,13528
0.13,34,20,0,2021-02-11,556,9994
0.01,31,19,0,2021-02-12,801,12008
0,28,19,0,2021-02-13,476,7472
0.06,28,24,1,2021-02-14,508,11093
0,35,26,0,2021-02-15,722,12965
0.62,46,32,0,2021-02-16,864,13734
0,51,23,0,2021-02-17,903,12653
0.06,32,20,0,2021-02-18,148,3695
0.37,31,24,1,2021-02-19,277,5196
0.1,32,25,1,2021-02-20,439,8741
0,33,20,0,2021-02-21,485,11042
0,36,20,0,2021-02-22,442,6590
0.6,37,29,0,2021-02-23,828,12255
0,49,30,0,2021-02-24,1126,20504
0,58,30,0,2021-02-25,1113,19238
0,49,29,0,2021-02-26,1219,21004
0.23,47,30,1,2021-02-27,807,17477
0.1,52,36,0,2021-02-28,330,6695
0.96,46,40,0,2021-03-01,889,16765
0.01,48,23,0,2021-03-02,880,13141
0,37,23,0,2021-03-03,1360,25598
0,54,25,0,2021-03-04,1163,18318
0,47,22,0,2021-03-05,1021,15749
0,38,22,0,2021-03-06,946,17181
0,38,22,0,2021-03-07,926,18816
0,42,22,0,2021-03-08,1107,18099
0,45,24,0,2021-03-09,1727,39120
0,67,31,0,2021-03-10,1832,38533
0,65,33,0,2021-03-11,2305,53139
0,76,39,0,2021-03-12,1904,41138
0,71,35,0,2021-03-13,1698,40040
0,50,31,0,2021-03-14,1413,30812
0,58,25,0,2021-03-15,1086,18904
0,42,26,0,2021-03-16,1023,16188
0.02,40,31,1,2021-03-17,1383,20744
0.01,48,37,0,2021-03-18,548,8721
0.96,49,36,0,2021-03-19,1343,26610
0,48,26,0,2021-03-20,2106,52034
0,58,26,0,2021-03-21,2271,57318
0,64,29,0,2021-03-22,1882,39340
0,63,34,1,2021-03-23,1935,39894
0,67,42,0,2021-03-24,656,9885
1.13,61,50,1,2021-03-25,1725,33332
0.01,64,53,0,2021-03-26,2335,58307
0,83,43,0,2021-03-27,3171,86155
0,70,46,0,2021-03-28,808,17014
0.59,70,43,1,2021-03-29,1624,28373
0,56,31,0,2021-03-30,2093,44899
0,66,35,0,2021-03-31,990,17848
1.15,70,42,0,2021-04-01,1267,23682
0.01,50,28,0,2021-04-02,1358,21374
0,43,23,0,2021-04-03,1896,44014
0,52,24,0,2021-04-04,2013,58474
0,60,41,0,2021-04-05,2042,41089
0,69,41,0,2021-04-06,2347,51997
0.01,70,41,0,2021-04-07,2143,39697
0,69,40,0,2021-04-08,2439,55181
0,71,44,1,2021-04-09,2112,38855
0.08,59,47,0,2021-04-10,3187,80868
0.24,73,51,0,2021-04-11,1145,20967
0.71,62,45,1,2021-04-12,1466,22606
0.04,50,44,0,2021-04-13,2101,39255
0,64,40,0,2021-04-14,1703,27042
0,67,47,0,2021-04-15,1970,32414
0.08,61,40,0,2021-04-16,1870,28663
0.02,53,40,0,2021-04-17,2478,58984
0,58,46,0,2021-04-18,2617,69819
0,64,40,0,2021-04-19,2088,37626
0,64,40,0,2021-04-20,2500,56004
0,76,52,0,2021-04-21,1624,26675
0.01,73,35,1,2021-04-22,1006,14435
0,50,37,0,2021-04-23,1614,32484
0,62,38,0,2021-04-24,2740,70433
0.52,68,38,0,2021-04-25,1943,46830
0,65,41,0,2021-04-26,2110,40567
0,65,39,0,2021-04-27,2500,52737
0,76,46,0,2021-04-28,2719,57200
0,88,59,0,2021-04-29,1900,35144
0.59,80,59,0,2021-04-30,2264,35951
0.01,68,42,0,2021-05-01,2718,68812
0,66,46,0,2021-05-02,3003,81767
0,84,59,0,2021-05-03,1732,27981
0.11,67,54,0,2021-05-04,2767,57550
0,82,55,0,2021-05-05,1844,31103
0.24,71,48,0,2021-05-06,2767,54266
0,65,42,0,2021-05-07,2355,42447
0.28,67,48,0,2021-05-08,2115,48628
0.05,60,42,0,2021-05-09,1591,30715
0.06,59,49,0,2021-05-10,2323,43237
0,61,42,0,2021-05-11,2453,39762
0,66,43,0,2021-05-12,2835,54790
0,68,40,0,2021-05-13,3088,63812
0,70,40,0,2021-05-14,3283,68318
0,76,42,0,2021-05-15,3748,99341
0,76,41,0,2021-05-16,3058,78508
0,73,43,0,2021-05-17,2920,59495
0,78,45,0,2021-05-18,3171,62614
0,81,52,0,2021-05-19,2988,55588
0,88,55,0,2021-05-20,3072,57791
0,81,47,0,2021-05-21,3510,75142
0,86,47,0,2021-05-22,3421,94158
0,91,66,0,2021-05-23,2772,73866
0,91,62,0,2021-05-24,2606,45171
0,67,55,0,2021-05-25,2997,59117
0,77,59,1,2021-05-26,2425,39480
1.04,92,65,1,2021-05-27,3331,68745
0,84,57,0,2021-05-28,1851,37100
1.02,67,48,0,2021-05-29,935,17210
0.65,51,46,0,2021-05-30,899,16947
0.31,52,47,0,2021-05-31,2979,76252
0,73,49,0,2021-06-01,2800,51730
0,79,55,0,2021-06-02,2950,61624
0.05,79,57,0,2021-06-03,2038,35190
0.19,80,63,1,2021-06-04,2585,48049
0.4,82,61,1,2021-06-05,3042,80272
0,92,66,0,2021-06-06,2519,67191
0,94,69,0,2021-06-07,2653,47401
0,93,72,0,2021-06-08,2047,32470
0.22,91,70,0,2021-06-09,2650,44836
0.14,91,68,1,2021-06-10,3052,56366
0,82,62,0,2021-06-11,2127,35395
0.2,67,60,0,2021-06-12,3445,76352
0,75,58,0,2021-06-13,3035,67778
0,77,63,0,2021-06-14,2745,47979
1.29,83,64,1,2021-06-15,3054,55608
0,80,58,0,2021-06-16,3200,56733
0,78,51,0,2021-06-17,3345,66107
0,78,51,0,2021-06-18,3419,64918
0.15,84,64,0,2021-06-19,2669,57893
0.04,89,61,0,2021-06-20,2932,60411
0,89,71,0,2021-06-21,2480,43465
0.15,88,69,0,2021-06-22,2101,30789
0.26,76,50,0,2021-06-23,3358,63562
0,76,51,0,2021-06-24,3405,63770
0,77,52,0,2021-06-25,3618,76163
0,82,63,0,2021-06-26,3164,76078
0,86,70,0,2021-06-27,2713,61659
0,90,70,0,2021-06-28,2746,47913
0,93,73,0,2021-06-29,2648,49387
0,95,73,0,2021-06-30,2546,41526
0.02,97,70,0,2021-07-01,1835,28949
1.46,85,69,0,2021-07-02,2522,49306
0.94,75,62,0,2021-07-03,2225,45830
0.26,73,60,1,2021-07-04,3493,92919
0.02,80,61,1,2021-07-05,3018,70207
0,88,69,0,2021-07-06,2741,49088
1.04,92,68,1,2021-07-07,3121,52259
0,93,71,0,2021-07-08,2754,49341
1.94,89,70,0,2021-07-09,2984,55370
0,88,68,0,2021-07-10,3695,87919
0.1,84,69,0,2021-07-11,3131,71770
0,87,71,0,2021-07-12,2324,39425
0.7,91,71,1,2021-07-13,3000,53964
0,83,71,1,2021-07-14,3204,59578
0,90,71,0,2021-07-15,3231,58235
0.01,91,73,0,2021-07-16,3109,58194
0,93,73,0,2021-07-17,2754,58730
1.36,95,71,1,2021-07-18,3005,65514
0,80,71,0,2021-07-19,2958,52691
0,86,67,0,2021-07-20,3288,50941
0,87,69,0,2021-07-21,3044,47949
0.97,84,61,1,2021-07-22,3736,67818
0,80,60,0,2021-07-23,3525,64815
0,84,60,0,2021-07-24,3611,86106
0.01,86,67,0,2021-07-25,2773,55010
0.16,88,69,0,2021-07-26,3084,51184
0,90,65,0,2021-07-27,3206,56611
0,92,65,0,2021-07-28,3293,55257
0,85,64,0,2021-07-29,2540,48823
0.67,81,68,1,2021-07-30,3467,66559
0,85,55,0,2021-07-31,3790,84965
0,79,59,0,2021-08-01,2303,44488
0.01,79,60,0,2021-08-02,3145,55479
0,81,59,0,2021-08-03,3323,66441
0,78,61,0,2021-08-04,3410,56383
0,75,60,0,2021-08-05,3416,58808
0,84,62,0,2021-08-06,3483,63485
0,89,63,0,2021-08-07,3785,80705
1.05,89,65,0,2021-08-08,2940,59788
0,79,67,1,2021-08-09,2891,50223
1.82,88,71,1,2021-08-10,2900,45849
0.03,90,70,1,2021-08-11,2881,42840
0.03,93,72,0,2021-08-12,3074,51576
0,94,73,0,2021-08-13,3133,51094
0,95,73,0,2021-08-14,3279,70473
0,90,71,0,2021-08-15,3103,66231
0,84,67,0,2021-08-16,3120,53985
0,82,70,0,2021-08-17,2917,48102
0,84,71,0,2021-08-18,3259,56207
0,88,76,0,2021-08-19,3575,63332
0,90,72,0,2021-08-20,2745,45974
0.14,82,71,0,2021-08-21,2835,62547
1.84,81,69,0,2021-08-22,2393,50666
0.24,81,69,0,2021-08-23,2705,42436
0.22,88,70,0,2021-08-24,3436,54616
0,91,67,0,2021-08-25,3590,57923
0,92,69,0,2021-08-26,3362,57866
0.15,92,72,1,2021-08-27,3069,54147
0.11,91,72,1,2021-08-28,2228,46489
0,76,67,0,2021-08-29,3089,59884
0,78,68,1,2021-08-30,3178,46984
0,88,70,0,2021-08-31,3518,53091
0.09,85,69,1,2021-09-01,3534,56498
2.49,81,61,1,2021-09-02,3860,72017
0,78,55,0,2021-09-03,3772,69219
0,75,55,0,2021-09-04,3927,89095
0,78,58,0,2021-09-05,3026,68599
0.12,79,64,0,2021-09-06,3401,78773
0,83,57,0,2021-09-07,3394,53917
0,83,60,0,2021-09-08,3702,67027
0.89,86,66,1,2021-09-09,2913,47652
0.04,71,58,0,2021-09-10,3931,74762
0,75,51,0,2021-09-11,4029,83395
0,78,54,0,2021-09-12,3574,66950
0,84,63,0,2021-09-13,3534,54590
0,87,65,0,2021-09-14,3709,53815
0,85,66,0,2021-09-15,3685,62447
0.05,88,69,0,2021-09-16,3432,52866
0,78,69,0,2021-09-17,3240,56986
0.02,76,67,0,2021-09-18,3927,86603
0,85,63,0,2021-09-19,3605,76673
0,78,54,0,2021-09-20,3813,58069
0,78,55,0,2021-09-21,3801,60188
0,80,62,0,2021-09-22,3742,58162
0.02,84,71,0,2021-09-23,2158,28171
1.73,80,55,1,2021-09-24,3799,64746
0,74,49,0,2021-09-25,3924,89361
0,76,53,0,2021-09-26,3268,66180
0,73,52,0,2021-09-27,3727,60873
0,80,55,0,2021-09-28,3312,46536
0.01,73,53,0,2021-09-29,3871,61658
0,70,51,0,2021-09-30,3879,55769
0,69,47,0,2021-10-01,4031,66853
0,69,46,0,2021-10-02,3905,74061
0,76,47,1,2021-10-03,3380,64583
0,81,60,1,2021-10-04,3481,51157
0.88,82,62,1,2021-10-05,3277,47603
0,67,62,0,2021-10-06,3712,55098
0,69,62,0,2021-10-07,3267,47607
0,76,55,0,2021-10-08,3924,62223
0,79,57,0,2021-10-09,3715,69776
0.03,69,61,0,2021-10-10,2359,43510
0.06,68,61,0,2021-10-11,3355,53554
0,71,59,0,2021-10-12,3405,47249
0,69,61,0,2021-10-13,3777,56890
0,71,58,0,2021-10-14,3870,63717
0,78,56,0,2021-10-15,3914,63810
0,82,57,0,2021-10-16,2853,59692
0.29,81,51,0,2021-10-17,2901,57138
0,63,45,0,2021-10-18,2930,43892
0,62,39,0,2021-10-19,3413,49466
0,68,48,0,2021-10-20,3720,58702
0,76,49,0,2021-10-21,3582,55827
0,77,50,0,2021-10-22,3597,57386
0,68,46,0,2021-10-23,2762,62777
0.02,64,41,0,2021-10-24,2563,53716
0,61,42,0,2021-10-25,3036,50449
2.6,78,57,1,2021-10-26,2545,34025
0.15,66,48,0,2021-10-27,3470,48786
0,64,46,0,2021-10-28,3522,57487
0,63,47,0,2021-10-29,2023,28176
0.5,61,51,0,2021-10-30,1598,31104
0.22,69,50,0,2021-10-31,2327,48794
0.02,64,47,0,2021-11-01,2932,44250
0,60,40,0,2021-11-02,2222,34332
0.08,51,32,0,2021-11-03,2765,36491
0,53,31,0,2021-11-04,2903,38511
0,52,29,0,2021-11-05,2791,44280
0,53,28,0,2021-11-06,2559,54162
0,55,31,0,2021-11-07,2442,43053
0,54,33,0,2021-11-08,2837,40661
0,66,36,0,2021-11-09,3072,45997
0,70,37,0,2021-11-10,3139,49756
0,67,34,0,2021-11-11,3137,48215
0.02,65,38,0,2021-11-12,1846,28126
0.21,65,36,0,2021-11-13,2155,38814
0.11,64,30,1,2021-11-14,1756,31529
0.03,47,30,0,2021-11-15,2141,31425
0,48,30,0,2021-11-16,2551,33787
0,50,27,0,2021-11-17,1918,38403
0,64,29,0,2021-11-18,2988,50937
0.1,72,40,0,2021-11-19,2396,31756
0,48,25,0,2021-11-20,2407,42356
0,48,26,0,2021-11-21,2663,68441
0.05,53,34,0,2021-11-22,1960,28384
0.01,50,28,0,2021-11-23,1947,26283
0,43,24,0,2021-11-24,1816,28615
0,46,25,0,2021-11-25,906,17792
0.2,55,27,0,2021-11-26,1051,16971
0.05,48,35,0,2021-11-27,1127,17691
0,40,33,0,2021-11-28,1439,24553
0,47,34,0,2021-11-29,1943,26585
0,44,22,0,2021-11-30,2019,25180
0,42,30,0,2021-12-01,2383,32517
0.02,50,31,0,2021-12-02,2455,36662
0,61,42,0,2021-12-03,2325,34662
0,50,38,1,2021-12-04,1810,32203
0,46,26,0,2021-12-05,1645,27458
0.05,53,26,0,2021-12-06,2022,27790
0.13,65,33,0,2021-12-07,1879,22538
0,42,31,0,2021-12-08,2008,24795
0,41,27,0,2021-12-09,2223,28544
0,40,26,0,2021-12-10,2108,29087
0.07,51,36,1,2021-12-11,1614,28316
0.17,67,42,0,2021-12-12,1474,26181
0,48,28,0,2021-12-13,1961,29302
0,54,28,0,2021-12-14,2203,31423
0,54,26,0,2021-12-15,2057,28920
0,56,31,0,2021-12-16,2387,33801
0,64,48,0,2021-12-17,2268,31506
0.22,59,39,0,2021-12-18,1440,23278
0.05,45,38,0,2021-12-19,1221,19784
0,41,19,0,2021-12-20,1408,24308
0,38,19,0,2021-12-21,1634,24410
0.09,40,21,0,2021-12-22,1499,20960
0,47,26,0,2021-12-23,1391,20458
0,38,26,0,2021-12-24,1014,16702
0.02,50,33,1,2021-12-25,468,9365
0.1,53,41,0,2021-12-26,937,22372
0,53,29,0,2021-12-27,862,15665
0.12,40,33,0,2021-12-28,1216,21274
0.01,47,35,0,2021-12-29,1223,20152
0.22,49,42,1,2021-12-30,1467,25327
0,52,43,0,2021-12-31,1309,24189
0.01,52,47,1,2022-01-01,587,13559
0.63,56,47,1,2022-01-02,1096,23110
0.02,61,32,0,2022-01-03,832,12091
0.03,33,16,0,2022-01-04,1097,16832
0.01,34,16,1,2022-01-05,1180,18648
0,48,29,0,2022-01-06,1294,19556
0.26,40,27,0,2022-01-07,748,10825
0,30,17,0,2022-01-08,860,12835
0,30,16,0,2022-01-09,573,9126
0.22,41,29,0,2022-01-10,1151,13419
0,30,16,0,2022-01-11,1011,12399
0,22,11,0,2022-01-12,1333,19554
0,42,17,0,2022-01-13,1649,23622
0,49,22,0,2022-01-14,1435,20492
0,47,12,0,2022-01-15,809,12770
0,21,6,0,2022-01-16,611,9003
1.19,49,6,1,2022-01-17,698,11398
0,39,30,0,2022-01-18,1381,18865
0,39,20,0,2022-01-19,1588,23285
0.12,51,31,0,2022-01-20,992,13155
0.14,39,13,0,2022-01-21,1143,13550
0,24,10,0,2022-01-22,882,11807
0,31,10,0,2022-01-23,970,14717
0,38,14,0,2022-01-24,1390,18030
0,35,24,0,2022-01-25,1613,20472
0,45,18,0,2022-01-26,1411,18629
0,29,7,0,2022-01-27,1496,19187
0,34,7,0,2022-01-28,931,14116
0.55,33,21,0,2022-01-29,168,3768
0.13,21,7,0,2022-01-30,326,6980
0,24,8,0,2022-01-31,795,11310
0,33,8,0,2022-02-01,1042,17194
0,38,16,1,2022-02-02,1287,19709
0.05,45,25,1,2022-02-03,940,12426
0.25,56,37,1,2022-02-04,677,9623
0.61,58,22,1,2022-02-05,893,12751
0,30,13,0,2022-02-06,862,12544
0.01,37,12,1,2022-02-07,992,12095
0.18,37,30,1,2022-02-08,1469,20276
0,43,21,0,2022-02-09,1557,22569
0,53,21,0,2022-02-10,1801,26126
0,57,27,0,2022-02-11,1895,34902
0,62,27,0,2022-02-12,1879,36477
0.14,59,32,0,2022-02-13,603,8445
0.16,33,14,0,2022-02-14,1189,15669
0,26,8,0,2022-02-15,1333,19145
0,31,11,0,2022-02-16,1699,24209
0,53,18,0,2022-02-17,2094,34121
0.45,68,52,0,2022-02-18,1444,19594
0,58,19,0,2022-02-19,984,16996
0,44,15,0,2022-02-20,870,20986
0,39,16,0,2022-02-21,1806,37116
0,61,22,0,2022-02-22,1043,37128
0.08,63,39,0,2022-02-23,2124,31776
0,70,30,0,2022-02-24,1407,17040
0.63,35,29,1,2022-02-25,1200,18367
0.53,47,25,0,2022-02-26,1133,18358
0,39,21,0,2022-02-27,1216,23734
0,50,22,0,2022-02-28,1485,18067
0,39,24,0,2022-03-01,1783,24059
0,53,28,0,2022-03-02,1992,28736
0,55,34,0,2022-03-03,1733,24880
0,48,17,0,2022-03-04,1543,19697
0,40,17,0,2022-03-05,1601,29667
0,52,23,0,2022-03-06,1185,26933
0.07,69,42,0,2022-03-07,1910,30945
0.03,76,40,0,2022-03-08,1926,27632
0,49,35,0,2022-03-09,979,19985
0.4,41,28,1,2022-03-10,1957,31025
0,51,27,0,2022-03-11,2212,37078
0.05,61,28,0,2022-03-12,595,7928
0.61,46,20,1,2022-03-13,1006,17460
0,37,21,0,2022-03-14,1998,32230
0,60,29,0,2022-03-15,2463,38728
0,70,32,0,2022-03-16,2721,48500
0.17,72,39,0,2022-03-17,1559,22384
0.13,54,48,1,2022-03-18,2730,52773
0,75,52,0,2022-03-19,2700,60228
0.18,77,47,1,2022-03-20,1868,42100
0,57,42,0,2022-03-21,2451,41080
0,64,40,0,2022-03-22,2682,43179
0,60,39,0,2022-03-23,1810,26611
0.74,51,41,0,2022-03-24,1488,19429
0.98,47,43,0,2022-03-25,2510,41973
0,59,44,0,2022-03-26,2063,42630
0,55,37,0,2022-03-27,1272,23416
0,45,22,0,2022-03-28,1226,15028
0,34,22,0,2022-03-29,1717,22544
0,41,21,0,2022-03-30,1992,30360
0,61,28,0,2022-03-31,2008,32029
0.22,72,51,0,2022-04-01,2219,35165
0,57,38,0,2022-04-02,2191,42865
0,54,38,0,2022-04-03,1295,20024
0.21,53,36,1,2022-04-04,2188,32029
0,54,35,0,2022-04-05,2274,33666
1.11,56,42,0,2022-04-06,1757,24959
0.11,53,45,0,2022-04-07,1057,17472
0.61,60,44,1,2022-04-08,2871,50386
0.04,64,42,0,2022-04-09,2101,44764
0,57,42,0,2022-04-10,1724,33458
0,51,36,0,2022-04-11,2520,39687
0,64,42,0,2022-04-12,2760,50643
0.02,73,48,0,2022-04-13,3252,62108
0,84,56,0,2022-04-14,2790,52378
0.15,85,43,1,2022-04-15,3251,64952
0,70,54,0,2022-04-16,2814,73853
0.18,78,42,1,2022-04-17,1654,33314
0,52,30,0,2022-04-18,1301,15478
1.26,50,39,0,2022-04-19,2099,32493
0,51,37,0,2022-04-20,2669,48199
0,60,36,0,2022-04-21,2669,42856
0,65,42,0,2022-04-22,3232,58495
0,70,46,0,2022-04-23,2727,55388
0,65,49,0,2022-04-24,2958,76288
0,67,44,0,2022-04-25,2407,40419
0,59,48,0,2022-04-26,2322,32525
0.04,70,48,0,2022-04-27,2546,36329
0,56,36,0,2022-04-28,2518,35698
0,58,29,0,2022-04-29,2718,46038
0,63,35,0,2022-04-30,3127,77496
0,68,35,0,2022-05-01,2663,59733
0.28,75,47,0,2022-05-02,2660,49591
0,68,52,0,2022-05-03,3119,52182
0.1,70,49,0,2022-05-04,2558,44243
0,66,50,0,2022-05-05,3369,59881
0,74,53,0,2022-05-06,1211,19330
0.95,58,48,0,2022-05-07,621,11518
0.96,51,42,0,2022-05-08,1569,29508
0,59,44,0,2022-05-09,2869,50849
0,70,49,0,2022-05-10,3185,56384
0,72,51,0,2022-05-11,3206,60094
0,72,54,0,2022-05-12,3301,61578
0,74,57,0,2022-05-13,2904,51472
0.15,72,57,1,2022-05-14,1737,36780
0.23,67,62,0,2022-05-15,2917,68122
0,79,60,0,2022-05-16,2560,43552
0.02,81,51,0,2022-05-17,3531,69231
0,80,50,0,2022-05-18,3318,63810
0.63,73,54,0,2022-05-19,3001,52375
0,75,55,0,2022-05-20,2858,58574
0.05,86,62,1,2022-05-21,2844,77257
0,94,65,0,2022-05-22,2410,61802
0,91,59,0,2022-05-23,3201,57453
0,76,58,0,2022-05-24,3231,50477
0,68,52,0,2022-05-25,3498,56737
0,73,48,0,2022-05-26,3288,49611
0.01,74,56,1,2022-05-27,2313,35492
0.85,80,64,1,2022-05-28,2827,62552
0.12,78,58,1,2022-05-29,3224,78491
0,81,58,0,2022-05-30,2718,75818
0,88,66,0,2022-05-31,2919,61242
0,94,62,0,2022-06-01,3286,55144
0.01,80,61,0,2022-06-02,2681,38741
1.96,83,66,1,2022-06-03,3416,60256
0.05,80,54,0,2022-06-04,3622,85721
0,84,56,0,2022-06-05,3627,94526
0,78,49,0,2022-06-06,3247,55335
0,81,54,0,2022-06-07,3113,47416
0.05,80,64,0,2022-06-08,3497,60282
1.12,85,67,1,2022-06-09,3412,60454
0,85,58,0,2022-06-10,3575,65920
0,79,61,0,2022-06-11,2749,53855
0.42,74,59,1,2022-06-12,2220,45609
1.15,76,62,0,2022-06-13,3046,48085
0,88,66,0,2022-06-14,3224,56287
0.08,83,59,0,2022-06-15,3892,69854
0.76,85,64,1,2022-06-16,2983,52451
0.25,77,62,1,2022-06-17,3168,57402
0,92,68,0,2022-06-18,2945,66285
0,71,55,0,2022-06-19,2978,66180
0,74,51,0,2022-06-20,3312,62421
0,80,54,0,2022-06-21,3475,55065
0.01,81,61,0,2022-06-22,3334,51756
0.03,74,61,0,2022-06-23,2597,42767
0.2,74,59,0,2022-06-24,3301,59578
0,83,63,0,2022-06-25,3297,82913
0,89,66,0,2022-06-26,2751,58846
0,89,71,0,2022-06-27,2335,36962
0.52,79,64,1,2022-06-28,3562,62910
0,79,57,0,2022-06-29,3549,59341
0,86,62,0,2022-06-30,3422,60245
0,89,66,0,2022-07-01,2996,55858
0,93,73,0,2022-07-02,2272,54159
0.17,90,71,0,2022-07-03,2676,66308
0,87,57,0,2022-07-04,3428,89263
0,86,63,0,2022-07-05,2594,41089
0.18,87,70,0,2022-07-06,3427,58219
0.25,88,69,0,2022-07-07,3140,53409
0.05,80,62,0,2022-07-08,3386,56360
0.32,87,68,0,2022-07-09,2701,56255
0,76,61,0,2022-07-10,3171,83144
0,81,58,0,2022-07-11,3426,70465
0,85,63,0,2022-07-12,3237,51038
0,92,69,0,2022-07-13,3735,60936
0,91,68,0,2022-07-14,3656,61313
0,91,66,0,2022-07-15,3444,62932
0.01,87,68,0,2022-07-16,2880,66292
0.66,89,68,0,2022-07-17,2860,59392
0,86,72,0,2022-07-18,2769,45152
0.03,91,73,0,2022-07-19,3466,57782
0,92,71,0,2022-07-20,3358,55641
0,95,73,0,2022-07-21,3280,55839
0.14,94,73,1,2022-07-22,3010,51336
0,96,73,0,2022-07-23,2605,60959
0,97,71,0,2022-07-24,2283,53907
0,98,77,0,2022-07-25,2902,45875
0,89,72,1,2022-07-26,3568,57234
0,81,69,0,2022-07-27,3239,57768
0,87,71,0,2022-07-28,3190,51562
0.21,92,70,1,2022-07-29,3045,49417
0.02,87,70,0,2022-07-30,3048,62957
0,89,63,0,2022-07-31,2684,56046
0.3,89,68,0,2022-08-01,3022,50230
0.01,79,67,0,2022-08-02,3550,54718
0,92,70,0,2022-08-03,3498,58711
0,92,67,0,2022-08-04,3335,50886
0.02,96,70,0,2022-08-05,3162,54932
0.05,92,70,1,2022-08-06,2908,62623
0,90,73,0,2022-08-07,2616,61384
0,94,74,0,2022-08-08,2970,48294
0,96,78,0,2022-08-09,3036,48551
0.47,98,73,1,2022-08-10,3491,54016
0.81,90,71,1,2022-08-11,3385,57411
0,89,71,0,2022-08-12,3581,62865
0,85,61,0,2022-08-13,3388,70825
0,81,59,0,2022-08-14,2896,65179
0,84,59,0,2022-08-15,3441,60440
0,82,57,0,2022-08-16,3957,64630
0,82,60,0,2022-08-17,3782,57830
0,82,58,0,2022-08-18,3737,57668
0,86,58,0,2022-08-19,3686,65522
0,91,66,0,2022-08-20,3483,77167
0,92,63,1,2022-08-21,2679,52868
0.21,87,69,0,2022-08-22,2764,41875
1.97,86,66,1,2022-08-23,3598,55717
0,85,64,0,2022-08-24,3838,58997
0,88,62,0,2022-08-25,3569,57278
0,90,62,0,2022-08-26,3414,54480
0,91,68,0,2022-08-27,3596,85349
0,90,71,0,2022-08-28,2831,57023
0,84,71,1,2022-08-29,3271,55795
0,91,72,0,2022-08-30,3231,47020
1.28,92,68,1,2022-08-31,3788,58409
0,84,59,0,2022-09-01,3893,62157
0,87,57,0,2022-09-02,3676,62416
0,81,61,0,2022-09-03,3759,80538
0,84,64,0,2022-09-04,3527,78067
0,89,65,0,2022-09-05,2857,54423
0.08,87,69,0,2022-09-06,2035,28490
0.97,72,66,0,2022-09-07,3037,39873
0,72,63,0,2022-09-08,4075,61996
0,78,57,0,2022-09-09,3906,63377
0,80,54,0,2022-09-10,3608,70511
0.02,82,57,0,2022-09-11,1501,25282
0.17,76,67,0,2022-09-12,3483,50217
0.17,85,71,1,2022-09-13,3975,60756
0,83,59,0,2022-09-14,4199,61351
0,80,60,0,2022-09-15,4275,65169
0,75,48,0,2022-09-16,4194,69272
0,77,50,0,2022-09-17,4088,83151
0,81,58,1,2022-09-18,3670,72603
0,83,58,0,2022-09-19,4200,67938
0,86,62,0,2022-09-20,4353,63846
0,81,57,0,2022-09-21,4581,71315
0,82,59,0,2022-09-22,3681,53054
0.1,82,51,0,2022-09-23,3794,59585
0,66,44,0,2022-09-24,3426,66539
0.01,69,50,0,2022-09-25,2401,46221
0.25,76,53,0,2022-09-26,3397,54282
0.01,78,52,0,2022-09-27,3893,56271
0,72,44,0,2022-09-28,4118,57713
0,69,52,0,2022-09-29,3951,58431
0,69,51,0,2022-09-30,3273,49229
0.94,63,52,0,2022-10-01,1831,26673
0.58,60,54,0,2022-10-02,567,8675
2.37,56,45,0,2022-10-03,1127,15335
0.67,52,46,0,2022-10-04,1679,22573
0.53,55,43,0,2022-10-05,2627,34622
0.02,61,48,0,2022-10-06,3579,56094
0,75,50,0,2022-10-07,3462,62080
0.07,77,48,0,2022-10-08,2658,55852
0,59,36,0,2022-10-09,2630,49614
0,63,37,0,2022-10-10,3030,47474
0,68,35,0,2022-10-11,3534,51203
0,73,42,0,2022-10-12,3575,54551
0.01,71,43,0,2022-10-13,2265,30815
0.7,71,43,0,2022-10-14,3513,62098
0,69,40,0,2022-10-15,3239,64511
0,72,41,0,2022-10-16,2751,53783
0,66,44,0,2022-10-17,2665,37777
0.38,69,43,1,2022-10-18,3111,41041
0,56,33,0,2022-10-19,2993,39794
0,55,33,0,2022-10-20,3214,47510
0,60,34,0,2022-10-21,3179,50305
0,66,35,0,2022-10-22,3008,61427
0,69,36,0,2022-10-23,1887,33199
1.05,62,53,0,2022-10-24,2558,35972
0.16,61,55,1,2022-10-25,2933,39058
0.01,70,61,1,2022-10-26,3181,45714
0.01,70,52,0,2022-10-27,3432,49375
0,65,42,0,2022-10-28,2931,42556
0,58,37,0,2022-10-29,2756,51980
0,59,33,0,2022-10-30,2344,43140
0,65,33,1,2022-10-31,2527,35359
0.28,65,44,0,2022-11-01,3206,48802
0.01,70,50,0,2022-11-02,3419,53401
0,71,39,0,2022-11-03,3569,51177
0,70,39,1,2022-11-04,3397,56881
0,73,48,1,2022-11-05,3347,67440
0,79,54,0,2022-11-06,2430,48665
0,78,58,0,2022-11-07,3245,49250
0,78,46,0,2022-11-08,3133,42701
0,59,37,0,2022-11-09,3147,39913
0,57,35,0,2022-11-10,3344,45084
0,70,35,0,2022-11-11,1761,24761
0.96,72,55,0,2022-11-12,3061,62068
0.05,70,46,0,2022-11-13,1806,28632
0.02,52,35,0,2022-11-14,2511,33897
0,47,31,0,2022-11-15,1955,23791
1.3,46,32,0,2022-11-16,2490,31710
0,51,33,0,2022-11-17,2487,31093
0,45,26,0,2022-11-18,2276,31043
0,44,25,0,2022-11-19,2003,35343
0,44,25,0,2022-11-20,1693,47930
0,35,18,0,2022-11-21,1888,23474
0,44,18,0,2022-11-22,2153,28243
0,54,24,0,2022-11-23,1970,30766
0,57,25,0,2022-11-24,837,17170
0,58,29,0,2022-11-25,1114,16664
0.03,56,36,0,2022-11-26,1611,31474
0,55,35,0,2022-11-27,862,13706
0.47,62,38,0,2022-11-28,2247,29999
0.01,55,27,0,2022-11-29,2541,31022
0,46,27,0,2022-11-30,1587,21281
0.55,58,32,0,2022-12-01,2235,26753
0,42,22,0,2022-12-02,2167,29638
0,54,22,0,2022-12-03,1120,17751
0.53,59,33,0,2022-12-04,1528,24829
0,44,20,0,2022-12-05,2121,29421
0,48,20,0,2022-12-06,1213,14761
0.46,58,39,1,2022-12-07,1998,27506
0.02,57,44,1,2022-12-08,2441,33491
0,54,34,0,2022-12-09,2172,29824
0,46,29,0,2022-12-10,1606,24108
0,43,30,0,2022-12-11,913,13037
0.13,42,32,0,2022-12-12,1786,23261
0,41,23,0,2022-12-13,1940,25877
0,41,23,0,2022-12-14,1928,25313
0,41,25,0,2022-12-15,679,7928
1.69,48,33,1,2022-12-16,1381,19494
0.03,47,33,0,2022-12-17,1299,20123
0,44,32,0,2022-12-18,1095,20269
0,41,28,0,2022-12-19,1389,18485
0,37,25,0,2022-12-20,1605,20626
0,40,21,0,2022-12-21,1627,21123
0,40,20,0,2022-12-22,803,11196
0.91,57,31,1,2022-12-23,553,7852
0.15,51,4,1,2022-12-24,277,4128
0,17,4,0,2022-12-25,216,7158
0,27,10,0,2022-12-26,518,7287
0,28,12,0,2022-12-27,948,14201
0,37,20,0,2022-12-28,1176,19136
0,49,20,0,2022-12-29,1314,18786
0,54,23,0,2022-12-30,1525,28564
0,62,28,1,2022-12-31,810,17944
0.25,56,46,1,2023-01-01,1355,42371
0,55,34,0,2023-01-02,1374,24556
0,57,36,0,2023-01-03,1497,20964
0.1,61,48,0,2023-01-04,2010,28885
0.03,67,49,1,2023-01-05,2034,29393
0.19,60,43,0,2023-01-06,1712,23958
0,48,39,0,2023-01-07,1342,20358
0,46,28,0,2023-01-08,1368,25335
0.06,42,27,0,2023-01-09,1753,22064
0,44,30,0,2023-01-10,1942,25132
0,43,29,0,2023-01-11,2056,26561
0.06,44,28,0,2023-01-12,1725,23041
0.13,59,39,0,2023-01-13,1776,23290
0,55,31,0,2023-01-14,1044,15316
0,33,27,0,2023-01-15,1087,18268
0,42,25,0,2023-01-16,1352,29900
0,48,25,0,2023-01-17,1970,24791
0,46,29,0,2023-01-18,2016,27011
0.03,55,29,0,2023-01-19,1051,14661
0.86,45,36,0,2023-01-20,1966,30392
0,48,38,0,2023-01-21,1474,22641
0,41,30,0,2023-01-22,911,15720
0.64,42,29,1,2023-01-23,1369,17855
0.1,40,33,0,2023-01-24,2034,25618
0,47,25,0,2023-01-25,1213,15101
0.86,58,30,0,2023-01-26,1907,25456
0,48,27,0,2023-01-27,1744,23238
0,41,24,0,2023-01-28,1474,25071
0,52,29,0,2023-01-29,1692,30179
0,53,30,0,2023-01-30,1960,27469
0.01,54,35,0,2023-01-31,1405,20708
0.05,38,27,1,2023-02-01,1830,22424
0,38,20,0,2023-02-02,1935,24862
0,40,23,0,2023-02-03,1232,15119
0,28,9,0,2023-02-04,787,12774
0,29,8,0,2023-02-05,1180,20004
0,52,27,0,2023-02-06,1847,22409
0,52,23,0,2023-02-07,1898,25404
0,47,24,0,2023-02-08,2226,30346
0,55,26,0,2023-02-09,2232,28839
0,62,33,0,2023-02-10,2377,38726
0,59,36,0,2023-02-11,1755,33037
0,47,29,0,2023-02-12,1579,33255
0.19,45,29,0,2023-02-13,2120,36722
0,58,33,0,2023-02-14,2412,35829
0,55,32,0,2023-02-15,2694,40071
0,68,40,0,2023-02-16,2067,27948
0.19,65,44,1,2023-02-17,1186,15711
0.82,62,26,0,2023-02-18,1551,26649
0,42,26,0,2023-02-19,1469,26431
0,55,28,0,2023-02-20,2060,35159
0.08,63,40,0,2023-02-21,2321,30440
0.03,57,29,0,2023-02-22,2026,24812
0.05,44,30,1,2023-02-23,2625,36443
0,58,41,1,2023-02-24,2103,28549
0,50,24,0,2023-02-25,1261,19372
0,35,21,0,2023-02-26,1431,24671
0,51,26,0,2023-02-27,1601,20090
0.43,49,31,1,2023-02-28,1762,24521
0.02,41,25,1,2023-03-01,2301,28822
0.05,52,26,1,2023-03-02,2286,31534
0.02,57,34,0,2023-03-03,1560,20989
0.75,50,35,1,2023-03-04,1447,27569
0,51,28,0,2023-03-05,1854,37682
0,58,28,0,2023-03-06,2038,30210
0.02,54,34,0,2023-03-07,1947,25290
0,48,32,0,2023-03-08,2026,24846
0,49,31,0,2023-03-09,2105,29333
0,52,28,0,2023-03-10,1395,18013
0.33,47,32,0,2023-03-11,1240,17851
0.1,43,28,0,2023-03-12,1392,23066
0.08,46,29,0,2023-03-13,1219,15641
0.22,46,36,0,2023-03-14,1590,18122
0.01,39,33,0,2023-03-15,1937,24921
0,48,26,0,2023-03-16,2410,35628
0,60,32,0,2023-03-17,2182,30819
0.05,62,41,0,2023-03-18,2023,38503
0,52,27,0,2023-03-19,1209,18512
0,39,22,0,2023-03-20,2023,28583
0,52,24,0,2023-03-21,2446,37644
0,62,28,0,2023-03-22,2645,41082
0.12,67,36,0,2023-03-23,1864,25102
0.28,60,47,1,2023-03-24,1716,25251
0.19,50,43,0,2023-03-25,1069,16882
0.15,48,44,1,2023-03-26,2364,54222
0,62,34,0,2023-03-27,1783,24512
0.12,68,36,1,2023-03-28,2305,29739
0,52,31,0,2023-03-29,2614,38230
0,57,31,0,2023-03-30,2413,34964
0,48,27,0,2023-03-31,2350,37084
0.02,63,35,1,2023-04-01,1506,28253
0.78,71,41,1,2023-04-02,2078,44974
0,52,28,0,2023-04-03,2654,41426
0,64,36,0,2023-04-04,3340,64151
0,78,49,1,2023-04-05,3081,50950
0,66,52,0,2023-04-06,2772,44928
0.4,83,54,1,2023-04-07,2371,35798
0,57,38,0,2023-04-08,2093,45049
0,51,29,0,2023-04-09,1876,38676
0,58,29,0,2023-04-10,2879,48327
0,66,34,0,2023-04-11,3309,50435
0,75,48,0,2023-04-12,3625,68162
0,84,52,0,2023-04-13,3651,67892
0,87,52,0,2023-04-14,3560,67564
0,87,61,0,2023-04-15,2732,57470
1.22,78,58,1,2023-04-16,2999,75602
0.01,75,56,1,2023-04-17,2856,44585
0,69,51,0,2023-04-18,3138,43647
0,61,34,0,2023-04-19,3239,47501
0,66,43,0,2023-04-20,3612,58806
0,73,46,0,2023-04-21,3517,63352
0,80,51,1,2023-04-22,2587,52101
0.85,79,54,1,2023-04-23,2572,58072
0,67,42,0,2023-04-24,2807,40709
0,61,39,0,2023-04-25,2987,44036
0,59,35,0,2023-04-26,2595,33130
0.18,63,44,0,2023-04-27,3118,43444
0.02,61,47,0,2023-04-28,1380,19895
2.3,55,49,0,2023-04-29,1454,24011
0.08,59,51,0,2023-04-30,913,14455
2.44,62,49,1,2023-05-01,2640,41122
0.03,63,44,0,2023-05-02,2527,35576
0.01,55,42,0,2023-05-03,2321,29004
0.01,55,43,0,2023-05-04,2907,43739
0,58,42,0,2023-05-05,3005,49626
0,64,41,1,2023-05-06,3370,79557
0,72,44,0,2023-05-07,3080,74289
0,77,55,0,2023-05-08,3172,56898
0,77,54,0,2023-05-09,3348,50261
0,70,41,0,2023-05-10,3579,60080
0,73,46,0,2023-05-11,3720,65643
0,81,53,0,2023-05-12,3700,68084
0,86,61,0,2023-05-13,2426,49269
0,74,56,0,2023-05-14,2894,72430
0,75,46,0,2023-05-15,3366,56057
0,75,54,0,2023-05-16,3505,57040
0,80,58,0,2023-05-17,3503,57401
0,68,38,0,2023-05-18,3484,54465
0,65,43,0,2023-05-19,3566,62685
0.01,73,54,0,2023-05-20,1990,40736
0.71,72,55,0,2023-05-21,3347,74780
0,75,49,0,2023-05-22,3547,61901
0,78,52,0,2023-05-23,3679,56329
0,71,44,0,2023-05-24,3741,59174
0.01,81,52,0,2023-05-25,3903,68895
0,70,44,0,2023-05-26,3811,68843
0,74,43,0,2023-05-27,3481,87255
0,79,46,0,2023-05-28,3325,82806
0,78,56,0,2023-05-29,2895,63904
0,78,53,0,2023-05-30,3528,56510
0,73,45,0,2023-05-31,4048,66605
0,78,53,0,2023-06-01,3830,68207
0,88,54,0,2023-06-02,3451,55321
0,94,59,1,2023-06-03,3688,78987
0,72,45,0,2023-06-04,3446,71429
0,73,49,0,2023-06-05,3383,54005
0,78,50,0,2023-06-06,3567,54138
0,83,50,0,2023-06-07,3198,46793
0,76,45,0,2023-06-08,2865,43816
0,77,55,0,2023-06-09,3531,61909
0,75,53,0,2023-06-10,3518,84897
0,83,57,0,2023-06-11,3160,64685
0,89,64,0,2023-06-12,2130,34594
0.55,85,60,0,2023-06-13,3934,63270
0,79,55,0,2023-06-14,3444,50202
0.38,76,54,1,2023-06-15,4023,63776
0,79,55,0,2023-06-16,2804,43972
0.42,74,59,1,2023-06-17,3625,79923
0,79,54,0,2023-06-18,3138,67840
0,81,58,0,2023-06-19,3180,60473
0,85,63,0,2023-06-20,3895,62261
0,77,61,0,2023-06-21,2719,37434
0.03,66,58,0,2023-06-22,3427,53032
0,68,59,0,2023-06-23,1974,28638
0.72,75,64,0,2023-06-24,2499,45953
0.02,84,66,0,2023-06-25,2481,58344
0.03,85,66,0,2023-06-26,3035,44825
0.44,87,66,1,2023-06-27,2141,29265
1.01,82,64,0,2023-06-28,3733,57594
0,81,59,0,2023-06-29,3418,52764
0,84,61,0,2023-06-30,3303,55749
0,86,62,0,2023-07-01,3079,67150
0,85,67,0,2023-07-02,2577,55873
0.24,89,72,1,2023-07-03,2802,48942
0.34,90,70,1,2023-07-04,2990,67506
1.01,88,69,1,2023-07-05,3266,49337
0,92,70,0,2023-07-06,3522,59500
0,92,72,1,2023-07-07,3560,58676
0,89,71,0,2023-07-08,2677,50434
0.01,89,71,1,2023-07-09,2105,38631
0.72,85,68,1,2023-07-10,3742,60357
0,86,63,0,2023-07-11,4078,66546
0,89,65,0,2023-07-12,4076,66189
0,91,68,0,2023-07-13,4081,71923
0.06,92,74,1,2023-07-14,3607,55376
0.02,89,74,0,2023-07-15,3456,67339
0.5,92,74,1,2023-07-16,1528,27821
0.27,79,70,0,2023-07-17,3633,59505
0,89,71,0,2023-07-18,3992,61410
0.19,90,68,0,2023-07-19,3609,53643
0.17,83,69,1,2023-07-20,4126,67126
0.33,86,67,1,2023-07-21,3457,56556
0,86,66,0,2023-07-22,4133,88571
0,83,60,0,2023-07-23,3519,71451
0,88,64,0,2023-07-24,3715,54052
0,87,65,0,2023-07-25,3249,50554
0.22,87,64,1,2023-07-26,4294,71104
0,89,67,0,2023-07-27,3937,59209
0,93,74,0,2023-07-28,3522,60432
0.09,95,72,1,2023-07-29,2889,61358
0.05,91,65,0,2023-07-30,3459,77016
0,80,58,0,2023-07-31,3887,64844
0,86,63,0,2023-08-01,4494,76846
0,81,54,0,2023-08-02,4620,85212
0,82,57,0,2023-08-03,4361,70753
0,80,64,0,2023-08-04,3705,63413
0.01,75,65,1,2023-08-05,3723,77801
0,86,62,0,2023-08-06,3426,71669
0.61,89,67,0,2023-08-07,3120,47496
0.6,87,68,1,2023-08-08,4172,66324
0.01,81,66,0,2023-08-09,4300,66021
0,87,67,0,2023-08-10,3257,48685
2.38,79,64,1,2023-08-11,4048,71349
0,86,64,0,2023-08-12,3162,61211
0.16,88,68,1,2023-08-13,3155,65575
0,88,64,0,2023-08-14,3498,55073
0,89,67,0,2023-08-15,4062,58131
0.04,90,71,0,2023-08-16,4194,62951
0,87,70,0,2023-08-17,4140,68442
0,87,70,0,2023-08-18,4068,68550
0,82,60,0,2023-08-19,3783,83871
0,80,57,0,2023-08-20,3331,68664
0,86,63,0,2023-08-21,3731,60316
0,90,70,0,2023-08-22,4282,69198
0,79,56,0,2023-08-23,4368,69695
0,80,63,0,2023-08-24,3725,53326
0.09,74,65,0,2023-08-25,3704,63887
0.06,85,69,0,2023-08-26,3874,93567
0,87,65,0,2023-08-27,3572,75996
0,85,65,0,2023-08-28,3935,64814
0,81,67,0,2023-08-29,4231,64876
0,79,69,0,2023-08-30,3762,63866
0.32,84,62,0,2023-08-31,4268,64429
0,79,55,0,2023-09-01,4097,70353
0,77,50,0,2023-09-02,3382,74784
0,82,54,0,2023-09-03,3109,70853
0,91,65,0,2023-09-04,3002,58696
0,96,70,0,2023-09-05,4022,59407
0,92,70,0,2023-09-06,4307,61819
0,94,68,0,2023-09-07,4302,61425
0,97,70,0,2023-09-08,3800,63022
0.01,95,70,1,2023-09-09,3048,52839
0.02,86,66,1,2023-09-10,2132,44022
1.63,81,68,1,2023-09-11,3695,60422
0.08,85,65,1,2023-09-12,4859,76863
0.31,86,66,1,2023-09-13,4608,65839
0,82,62,0,2023-09-14,4978,73122
0,79,54,0,2023-09-15,4523,75056
0,75,53,0,2023-09-16,4369,89577
0,78,50,0,2023-09-17,2852,50944
0.99,79,52,0,2023-09-18,3256,45820
0.06,70,57,0,2023-09-19,4782,65454
0,74,49,0,2023-09-20,4863,66681
0,77,51,0,2023-09-21,4846,78080
0,74,51,0,2023-09-22,4428,67997
0.31,71,57,0,2023-09-23,1405,25028
0.87,65,58,1,2023-09-24,1062,15692
0.77,69,62,0,2023-09-25,2586,35132
0.1,64,57,0,2023-09-26,3410,43883
0.1,64,53,0,2023-09-27,4458,63378
0,67,50,0,2023-09-28,4040,53730
0.6,63,56,0,2023-09-29,3148,47794
0.06,66,59,0,2023-09-30,3447,56313
0.02,70,54,0,2023-10-01,3552,76231
0,79,58,0,2023-10-02,4234,60934
0,80,53,0,2023-10-03,4542,63309
0,81,54,0,2023-10-04,4814,64613
0,83,53,0,2023-10-05,4515,64575
0,80,54,1,2023-10-06,4466,69384
0.02,78,66,0,2023-10-07,3240,53469
0.01,73,45,0,2023-10-08,3102,50175
0,62,41,0,2023-10-09,3596,49223
0,63,42,0,2023-10-10,4112,56673
0,68,42,0,2023-10-11,4671,66425
0,71,41,0,2023-10-12,4434,72609
0,72,43,0,2023-10-13,3988,63153
0,66,42,0,2023-10-14,1410,25510
0.43,52,47,0,2023-10-15,2835,48847
0,62,43,0,2023-10-16,3627,52692
0,63,43,0,2023-10-17,4206,64344
0,64,45,0,2023-10-18,4052,56923
0,67,40,0,2023-10-19,4201,61517
0.16,68,40,0,2023-10-20,3832,63095
0.07,67,56,0,2023-10-21,3119,53502
0.01,65,46,0,2023-10-22,2932,50064
0,59,44,0,2023-10-23,3685,55823
0,62,35,0,2023-10-24,4140,60066
0,68,36,0,2023-10-25,4231,58519
0,74,41,0,2023-10-26,4337,68277
0,80,46,0,2023-10-27,4054,64420
0,74,55,0,2023-10-28,3820,81126
0,81,56,0,2023-10-29,2603,42489
0.01,64,52,1,2023-10-30,3230,41129
0.05,71,46,0,2023-10-31,3604,49515
0.12,51,42,0,2023-11-01,3371,43365
0,50,25,0,2023-11-02,3321,42658
0,50,25,0,2023-11-03,3318,45552
0,59,27,0,2023-11-04,2827,51566
0,57,32,0,2023-11-05,3036,60009
0,68,33,0,2023-11-06,3419,46210
0,61,39,0,2023-11-07,3729,50583
0,65,40,0,2023-11-08,3706,49628
0,53,34,0,2023-11-09,3778,49557
0,65,46,0,2023-11-10,2643,37150
0.05,50,30,0,2023-11-11,2762,53565
0,57,29,0,2023-11-12,2072,36460
0,47,24,0,2023-11-13,2779,35210
0,51,24,0,2023-11-14,3246,40917
0,55,26,0,2023-11-15,3317,42155
0,56,27,0,2023-11-16,3677,53310
0,67,32,1,2023-11-17,3700,52766
0.01,70,35,1,2023-11-18,3124,55421
0,55,28,0,2023-11-19,3423,105061
0,56,28,0,2023-11-20,2722,33469
0,47,29,0,2023-11-21,1645,19157
1.7,57,34,0,2023-11-22,2327,35461
0,55,47,0,2023-11-23,1132,26625
0,53,33,0,2023-11-24,1665,27167
0,52,23,0,2023-11-25,1576,30629
0,42,23,0,2023-11-26,1120,17444
0.53,55,32,1,2023-11-27,2400,30048
0,51,26,0,2023-11-28,2423,27927
0,39,24,0,2023-11-29,2497,30899
0,38,23,0,2023-11-30,3032,41070
0,53,23,0,2023-12-01,2084,25348
0.42,47,28,1,2023-12-02,2427,39248
0.38,55,46,1,2023-12-03,1172,18603
0.25,52,36,1,2023-12-04,2733,36353
0,52,30,0,2023-12-05,2871,36064
0.01,44,30,0,2023-12-06,2701,35519
0,42,25,0,2023-12-07,2376,32053
0,38,27,0,2023-12-08,2835,38734
0,53,27,1,2023-12-09,2417,37345
0,54,30,1,2023-12-10,1021,17819
2.22,62,35,0,2023-12-11,2134,27007
0.05,45,27,0,2023-12-12,2615,37618
0,45,26,0,2023-12-13,2701,33680
0,46,24,0,2023-12-14,2600,31596
0,41,25,0,2023-12-15,2566,35872
0,56,24,0,2023-12-16,2193,32529
0,57,28,0,2023-12-17,1105,16149
2.76,62,49,1,2023-12-18,1695,24943
0.54,60,36,0,2023-12-19,2221,27740
0,42,25,0,2023-12-20,2232,27324
0,45,25,0,2023-12-21,2334,29280
0,44,26,0,2023-12-22,1787,23934
0,35,26,0,2023-12-23,1417,22125
0,46,31,0,2023-12-24,965,16785
0.02,49,34,1,2023-12-25,687,19781
0,51,36,0,2023-12-26,1432,21478
0.02,48,43,1,2023-12-27,893,10897
1.48,50,43,0,2023-12-28,1349,21959
0.19,54,43,0,2023-12-29,1962,32991
0,54,36,0,2023-12-30,1499,26592
0,45,34,0,2023-12-31,1447,29702
0.01,43,34,0,2024-01-01,1499,41635
0,44,28,0,2024-01-02,1848,26762
0,44,26,0,2024-01-03,2286,29403
0,44,27,0,2024-01-04,2235,28050
0,44,21,0,2024-01-05,1969,23386
0,37,19,0,2024-01-06,771,12254
1.01,44,23,1,2024-01-07,1138,17561
0.05,41,34,0,2024-01-08,2212,28307
0,46,24,0,2024-01-09,1056,12316
2.35,59,33,0,2024-01-10,2381,29620
0,50,37,0,2024-01-11,2514,32469
0,48,26,0,2024-01-12,2147,27340
1.11,59,27,0,2024-01-13,1425,19634
0.04,59,29,0,2024-01-14,1253,17422
0,46,22,0,2024-01-15,1070,15698
0.29,29,23,0,2024-01-16,450,10050
0.22,30,12,1,2024-01-17,787,15030
0,23,10,0,2024-01-18,1188,15837
0.01,34,18,0,2024-01-19,299,5517
0.25,28,12,0,2024-01-20,395,10740
0,22,11,0,2024-01-21,594,11905
0,31,9,0,2024-01-22,1330,18705
0,36,9,0,2024-01-23,2056,28325
0,45,22,0,2024-01-24,2055,25786
0.22,46,36,1,2024-01-25,1801,23354
0.38,54,44,1,2024-01-26,2073,31742
0.04,49,43,1,2024-01-27,1924,27824
0.44,49,40,0,2024-01-28,800,15192
0.57,42,37,0,2024-01-29,1949,26468
0,40,34,0,2024-01-30,2200,27309
0,39,34,0,2024-01-31,2398,32448
0,42,27,0,2024-02-01,2429,34347
0.13,49,27,0,2024-02-02,1969,25875
0.09,43,36,0,2024-02-03,1789,30140
0,45,28,0,2024-02-04,1728,30786
0,47,26,0,2024-02-05,2216,26844
0,46,26,0,2024-02-06,2389,29468
0,43,24,0,2024-02-07,2662,33589
0,48,26,0,2024-02-08,2599,36684
0,54,26,0,2024-02-09,2784,39926
0,61,36,0,2024-02-10,2125,36879
0,56,36,0,2024-02-11,1757,26448
0,48,35,0,2024-02-12,2192,30167
0.61,49,33,1,2024-02-13,1367,17750
0.24,41,32,1,2024-02-14,2423,31078
0,39,25,0,2024-02-15,2357,29632
0,41,25,0,2024-02-16,2279,28142
0.21,43,29,0,2024-02-17,1133,16610
0,36,17,0,2024-02-18,1296,20755
0,43,17,0,2024-02-19,2072,28379
0,43,23,0,2024-02-20,2291,30882
0,43,20,0,2024-02-21,2628,30721
0,46,22,0,2024-02-22,2324,28639
0.1,50,22,0,2024-02-23,2378,34350
0,48,32,0,2024-02-24,1641,24010
0.02,43,16,0,2024-02-25,1536,24383
0,42,17,0,2024-02-26,2571,40106
0,59,26,0,2024-02-27,2377,30791
0.15,67,35,0,2024-02-28,1970,25276
0.26,64,29,0,2024-02-29,2419,30949
0,42,23,0,2024-03-01,2392,35097
0.19,51,23,0,2024-03-02,813,12035
1.37,55,42,0,2024-03-03,2686,59870
0,67,40,0,2024-03-04,2600,38753
0.23,65,42,0,2024-03-05,1894,25079
0.25,49,42,0,2024-03-06,1544,18998
1.46,52,46,0,2024-03-07,2699,38086
0,59,38,0,2024-03-08,2780,46055
0,57,39,0,2024-03-09,902,12450
1.26,53,40,0,2024-03-10,1646,27277
0.01,50,36,0,2024-03-11,2321,31586
0,54,38,0,2024-03-12,3358,50637
0,67,37,0,2024-03-13,3779,58036
0,73,39,0,2024-03-14,3952,66243
0,77,43,0,2024-03-15,3466,52997
0,75,43,0,2024-03-16,3100,61660
0,62,42,0,2024-03-17,2902,54470
0,64,43,0,2024-03-18,2807,39185
0,51,34,0,2024-03-19,2911,37288
0,48,32,0,2024-03-20,2956,36164
0,61,28,0,2024-03-21,2558,32188
0,44,23,0,2024-03-22,2580,36412
0.68,46,29,0,2024-03-23,828,10611
2.7,54,30,0,2024-03-24,2015,35830
0,48,32,0,2024-03-25,2645,41929
0,53,35,0,2024-03-26,3074,43643
0,58,40,0,2024-03-27,2073,26906
0.49,50,42,0,2024-03-28,2276,28336
0.1,51,40,0,2024-03-29,2675,39356
0,57,37,0,2024-03-30,2401,47333
0.07,60,41,0,2024-03-31,2175,39440
