Date,Return
1/2/2014,0.576148507
1/3/2014,0.1855575
1/6/2014,0.615839539
1/7/2014,-0.21301
1/8/2014,-0.038161352
1/9/2014,0.255283253
1/10/2014,-0.103290026
1/13/2014,1.078018197
1/14/2014,-0.757038265
1/15/2014,-0.304181413
1/16/2014,-0.075970806
1/17/2014,0.249867998
1/21/2014,0.281539799
1/22/2014,0.102987693
1/23/2014,0.316301476
1/24/2014,1.492294554
1/27/2014,0.586397304
1/28/2014,-0.522065794
1/29/2014,0.129516836
1/30/2014,-0.223672759
1/31/2014,-0.660978494
2/3/2014,2.135192998
2/4/2014,-0.251501576
2/5/2014,-0.223137088
2/6/2014,-1.082124375
2/7/2014,-0.768322032
2/10/2014,-0.172508628
2/11/2014,-1.010208681
2/12/2014,0.098761591
2/13/2014,-1.199955236
2/14/2014,-0.645377393
2/18/2014,-0.032583344
2/19/2014,0.402694286
2/20/2014,-0.452884805
2/21/2014,0.303604234
2/24/2014,-0.341873781
2/25/2014,0.118881445
2/26/2014,0.140454324
2/27/2014,-0.671798129
2/28/2014,-0.269121061
3/3/2014,-0.17871758
3/4/2014,-0.422939681
3/5/2014,-0.005323852
3/6/2014,0.01594708
3/7/2014,0.370455109
3/10/2014,-0.101081555
3/11/2014,0.642117378
3/12/2014,-0.51523828
3/13/2014,1.416100435
3/14/2014,0.102787121
3/17/2014,-0.398731621
3/18/2014,-0.508808829
3/19/2014,0.54347242
3/20/2014,-0.805369128
3/21/2014,0.804437666
3/24/2014,0.754658012
3/25/2014,0.032192414
3/26/2014,1.106710905
3/27/2014,0.092015156
3/28/2014,-0.205285505
3/31/2014,-0.182137999
4/1/2014,-0.335787771
4/2/2014,-0.206907523
4/3/2014,0.285453828
4/4/2014,1.718870574
4/7/2014,0.865824698
4/8/2014,-0.455883547
4/9/2014,-0.80279631
4/10/2014,2.095359182
4/11/2014,0.345889977
4/14/2014,-0.005471492
4/15/2014,-0.480029438
4/16/2014,-0.355854853
4/17/2014,-0.274367326
4/21/2014,-0.321814521
4/22/2014,-0.352509221
4/23/2014,0.197002442
4/24/2014,0.286666143
4/25/2014,0.496746071
4/28/2014,0.090883719
4/29/2014,-0.144017498
4/30/2014,-0.464146389
5/1/2014,-0.058442779
5/2/2014,0.132759812
5/5/2014,-0.683979377
5/6/2014,0.648936702
5/7/2014,-0.250787573
5/8/2014,0.015989558
5/9/2014,-0.133184162
5/12/2014,-0.524359102
5/13/2014,0.042089035
5/14/2014,0.38463303
5/15/2014,0.678396782
5/16/2014,-0.287988915
5/19/2014,-0.5594347
5/20/2014,0.583085627
5/21/2014,-0.552931587
5/22/2014,-0.216726406
5/23/2014,-0.310924861
5/27/2014,-0.240765207
5/28/2014,0.073098892
5/29/2014,-0.286720874
5/30/2014,-0.254951348
6/2/2014,0.025915004
6/3/2014,-0.192282915
6/4/2014,-0.37408479
6/5/2014,-0.537714171
6/6/2014,-0.261718075
6/9/2014,-0.117735343
6/10/2014,-0.133106381
6/11/2014,-0.010263725
6/12/2014,0.59068724
6/13/2014,-0.10829569
6/16/2014,-0.206299449
6/17/2014,-0.417481694
6/18/2014,-0.733969607
6/19/2014,-0.025455889
6/20/2014,0.04590981
6/23/2014,0.056125311
6/24/2014,0.424488316
6/25/2014,-0.663960598
6/26/2014,0.086907111
6/27/2014,-0.430819067
6/30/2014,-0.010221768
7/1/2014,-0.423038742
7/2/2014,-0.09134382
7/3/2014,-0.20729259
7/7/2014,0.156714179
7/8/2014,0.461571914
7/9/2014,-0.19824074
7/10/2014,-0.573709146
7/11/2014,-0.198756497
7/14/2014,0.005057942
7/15/2014,0.247827735
7/16/2014,0.075712483
7/17/2014,0.831010362
7/18/2014,-0.692641181
7/21/2014,-0.126845606
7/22/2014,-0.095955762
7/23/2014,-0.070528463
7/24/2014,0.090533621
7/25/2014,0.186781265
7/28/2014,-0.020230583
7/29/2014,0.615633553
7/30/2014,0.338982049
7/31/2014,1.288280245
8/1/2014,0.031158081
8/4/2014,-0.52885572
8/5/2014,0.564480045
8/6/2014,-0.502331639
8/7/2014,0.989946605
8/8/2014,-0.929697031
8/11/2014,0.087641387
8/12/2014,0.041321213
8/13/2014,-0.283083545
8/14/2014,-0.307435431
8/15/2014,0.381737668
8/18/2014,-0.284551825
8/19/2014,-0.278003948
8/20/2014,-0.403797204
8/21/2014,-0.205939027
8/22/2014,0.075245311
8/25/2014,-0.029978016
8/26/2014,0
8/27/2014,0.089803426
8/28/2014,-0.275566417
8/29/2014,-0.129713147
9/2/2014,0.179131213
9/3/2014,0.436987277
9/4/2014,0.313677063
9/5/2014,-0.469602343
9/8/2014,0.164245472
9/9/2014,0.543883528
9/10/2014,-0.320921638
9/11/2014,-0.516886124
9/12/2014,0.484758106
9/15/2014,0.090383609
9/16/2014,-0.941541207
9/17/2014,0.00996364
9/18/2014,-0.228449542
9/19/2014,0.406910969
9/22/2014,0.598957806
9/23/2014,0.211660543
9/24/2014,-0.767524265
9/25/2014,1.356509794
9/26/2014,-0.610064575
9/29/2014,-0.682974526
9/30/2014,0.338913447
10/1/2014,1.194708203
10/2/2014,-0.103003403
10/3/2014,-0.429277918
10/6/2014,0.53207815
10/7/2014,1.03441418
10/8/2014,-1.691060705
10/9/2014,1.828552419
10/10/2014,1.115786485
10/13/2014,1.601387634
10/14/2014,0.382125575
10/15/2014,-0.685887326
10/16/2014,-1.753526732
10/17/2014,-0.026538054
10/20/2014,-1.153456622
10/21/2014,-1.246877132
10/22/2014,0.884729162
10/23/2014,-0.159283736
10/24/2014,-0.604349808
10/27/2014,-0.219694482
10/28/2014,-0.807843178
10/29/2014,0.221607652
10/30/2014,-0.911024892
10/31/2014,0.059468233
11/3/2014,0.074283876
11/4/2014,0.079505543
11/5/2014,0.098744449
11/6/2014,-0.375510156
11/7/2014,-0.083672787
11/10/2014,-0.295009827
11/11/2014,-0.058803784
11/12/2014,-0.299975895
11/13/2014,-0.014693377
11/14/2014,-0.068593335
11/17/2014,-0.255084123
11/18/2014,-0.54294707
11/19/2014,0.043834689
11/20/2014,-0.646238633
11/21/2014,0.462341555
11/24/2014,-0.043441136
11/25/2014,0.207185128
11/26/2014,-0.168848479
11/28/2014,0.139769624
12/1/2014,0.310077044
12/2/2014,-0.621931885
12/3/2014,-0.28460974
12/4/2014,-0.057825481
12/5/2014,-0.062541494
12/8/2014,0.438513388
12/9/2014,-1.027551036
12/10/2014,1.335534917
12/11/2014,-0.15204875
12/12/2014,0.863600478
12/15/2014,1.222893875
12/16/2014,0.337394498
12/17/2014,-1.688163156
12/18/2014,-0.996382705
12/19/2014,-0.043603644
12/22/2014,-0.348247158
12/23/2014,0.20175722
12/24/2014,0.12018075
12/26/2014,-0.06240891
12/29/2014,-0.24013063
12/30/2014,0.292973911
12/31/2014,1.177946988
1/2/2015,0.460321725
1/5/2015,1.199978951
1/6/2015,1.123256492
1/7/2015,-0.441862779
1/8/2015,-0.926424708
1/9/2015,1.04166379
1/12/2015,0.861019503
1/13/2015,0.999408706
1/14/2015,-0.60606413
1/15/2015,1.294450694
1/16/2015,-1.438849395
1/20/2015,0.167982218
1/21/2015,-0.784120099
1/22/2015,-1.034364894
1/23/2015,0.39846058
1/26/2015,-0.361482084
1/27/2015,0.113315268
1/28/2015,1.973844855
1/29/2015,-0.80347338
1/30/2015,0.558413502
2/2/2015,-0.934763795
2/3/2015,-0.90640197
2/4/2015,-0.068654375
2/5/2015,-0.615051252
2/6/2015,0.488959629
2/9/2015,0.0683689
2/10/2015,-0.451716037
2/11/2015,-0.154877304
2/12/2015,-0.495453848
2/13/2015,-0.339595339
2/17/2015,-0.339067345
2/18/2015,-0.224172942
2/19/2015,-0.27218948
2/20/2015,-0.840179985
2/23/2015,-0.128000852
2/24/2015,-0.326829773
2/25/2015,0.014173202
2/26/2015,0.066187121
2/27/2015,0.284005971
3/2/2015,-0.574061109
3/3/2015,0.165510946
3/4/2015,0.080797531
3/5/2015,0.075960499
3/6/2015,0.916816932
3/9/2015,-0.298448053
3/10/2015,0.836926584
3/11/2015,0.384818075
3/12/2015,-0.896429428
3/13/2015,0.454612362
3/16/2015,-0.904646576
3/17/2015,-0.130003851
3/18/2015,-1.480306676
3/19/2015,0.219092677
3/20/2015,-0.333792846
3/23/2015,0.19959985
3/24/2015,0.49082629
3/25/2015,1.583207485
3/26/2015,-0.151247555
3/27/2015,-0.297372391
3/30/2015,-0.613587798
3/31/2015,0.400464161
4/1/2015,0.334319494
4/2/2015,-0.398797306
4/6/2015,-1.197841486
4/7/2015,0.279034926
4/8/2015,-0.207175617
4/9/2015,-0.539029264
4/10/2015,-0.40152773
4/13/2015,0.371658178
4/14/2015,-0.306439541
4/15/2015,-0.180904544
4/16/2015,-0.161879732
4/17/2015,0.473822624
4/20/2015,-0.377885778
4/21/2015,0.507899563
4/22/2015,-0.295228806
4/23/2015,-0.480613861
4/24/2015,0.004729283
4/27/2015,0.734704463
4/28/2015,-0.332161423
4/29/2015,-0.095076296
4/30/2015,0.676576123
5/1/2015,-0.630375854
5/4/2015,-0.042612793
5/5/2015,1.00933754
5/6/2015,0.725331654
5/7/2015,-0.456905064
5/8/2015,-0.35090572
5/11/2015,0.453753353
5/12/2015,-0.17651591
5/13/2015,0.213805767
5/14/2015,-0.459194271
5/15/2015,0
5/18/2015,-0.40520212
5/19/2015,0.098483397
5/20/2015,0.126666201
5/21/2015,-0.371394375
5/22/2015,0.023464139
5/26/2015,0.800375258
5/27/2015,-0.686389112
5/28/2015,-0.061227805
5/29/2015,0.583861932
6/1/2015,0.17457535
6/2/2015,-0.161120744
6/3/2015,0.037736792
6/4/2015,0.445350817
6/5/2015,0.085731366
6/8/2015,0.553330951
6/9/2015,0
6/10/2015,-0.75464586
6/11/2015,-0.07093295
6/12/2015,0.299090393
6/15/2015,-0.225269365
6/16/2015,-0.631793923
6/17/2015,0
6/18/2015,-0.695660884
6/19/2015,0.307390986
6/22/2015,0.009440328
6/23/2015,0.047141511
6/24/2015,0.57623323
6/25/2015,0.587401689
6/26/2015,0.22349423
6/29/2015,1.264121587
6/30/2015,0.68029964
7/1/2015,0.110718724
7/2/2015,0.365266004
7/6/2015,-0.46167905
7/7/2015,-0.512174799
7/8/2015,0.915608477
7/9/2015,1.033616244
7/10/2015,-0.091660479
7/13/2015,-0.373223112
7/14/2015,-0.457749378
7/15/2015,0.056942534
7/16/2015,-0.202958423
7/17/2015,-0.089501628
7/20/2015,0.075207521
7/21/2015,0.320102162
7/22/2015,-0.208600965
7/23/2015,0.638210186
7/24/2015,1.093677112
7/27/2015,0.072489127
7/28/2015,-0.741137231
7/29/2015,-0.615814409
7/30/2015,-0.314047862
7/31/2015,0.435151835
8/3/2015,0.318356922
8/4/2015,0.152595138
8/5/2015,0.180560706
8/6/2015,0.922529395
8/7/2015,0.100887296
8/10/2015,-0.616402908
8/11/2015,0.143562712
8/12/2015,-0.873930274
8/13/2015,0.033532315
8/14/2015,-0.474982024
8/17/2015,-0.900766105
8/18/2015,0.133167986
8/19/2015,0.368257217
8/20/2015,1.229961775
8/21/2015,1.933274217
8/24/2015,-1.072054481
8/25/2015,4.175402595
8/26/2015,-1.239069646
8/27/2015,-1.142016016
8/28/2015,-0.392946599
8/31/2015,0.222100347
9/1/2015,0.699042582
9/2/2015,-0.405923862
9/3/2015,0.361760939
9/4/2015,0.134824989
9/8/2015,-0.760432267
9/9/2015,2.272734217
9/10/2015,-0.663038658
9/11/2015,-0.696079417
9/14/2015,0.47727952
9/15/2015,-0.940952134
9/16/2015,-0.684028746
9/17/2015,0.144989498
9/18/2015,0.132854729
9/21/2015,-0.010183771
9/22/2015,-0.015472973
9/23/2015,0.262735046
9/24/2015,-0.390320075
9/25/2015,0.919642935
9/28/2015,1.965796235
9/29/2015,0.079677589
9/30/2015,-0.661874262
10/1/2015,-0.026032382
10/2/2015,-2.755965585
10/5/2015,-1.023105939
10/6/2015,0.262218247
10/7/2015,-0.256415292
10/8/2015,-1.135968854
10/9/2015,0.024830171
10/12/2015,-0.049650482
10/13/2015,0.199349121
10/14/2015,0.444599876
10/15/2015,-1.134548169
10/16/2015,-0.216931418
10/19/2015,-0.42962716
10/20/2015,-0.128171059
10/21/2015,0.864395163
10/22/2015,-1.123262905
10/23/2015,-0.12544994
10/26/2015,0.144719245
10/27/2015,-0.193990788
10/28/2015,-0.942027536
10/29/2015,-0.230379643
10/30/2015,0.540517082
11/2/2015,-0.993659721
11/3/2015,-0.49054579
11/4/2015,0.46841967
11/5/2015,0.133060405
11/6/2015,-0.143028508
11/9/2015,0.587643214
11/10/2015,-0.506001169
11/11/2015,0.545767892
11/12/2015,0.803876029
11/13/2015,0.885741594
11/16/2015,-1.63107349
11/17/2015,0.252441375
11/18/2015,-1.305573234
11/19/2015,0.019173019
11/20/2015,0.066841252
11/23/2015,0.148055207
11/24/2015,-0.71198876
11/25/2015,0.085915513
11/27/2015,-0.062075636
11/30/2015,0.505362574
12/1/2015,-0.592050701
12/2/2015,0.992306547
12/3/2015,1.541924517
12/4/2015,-1.950291319
12/7/2015,0.42058501
12/8/2015,-0.222767199
12/9/2015,0.412244043
12/10/2015,-0.219061924
12/11/2015,0.722892037
12/14/2015,-0.410742303
12/15/2015,-0.161212508
12/16/2015,-0.804382439
12/17/2015,1.69865312
12/18/2015,1.356216376
12/21/2015,-0.129086935
12/22/2015,-0.384766671
12/23/2015,-0.649764027
12/24/2015,0.019447793
12/28/2015,-0.170851312
12/29/2015,-0.430971392
12/30/2015,0.569749406
12/31/2015,0.614249485
1/4/2016,-0.264351831
1/5/2016,0.019857498
1/6/2016,-0.242014223
1/7/2016,0.655300766
1/8/2016,1.675292774
1/11/2016,0.466293986
1/12/2016,0.082552365
1/13/2016,2.89020061
1/14/2016,-1.255600086
1/15/2016,-0.556831385
1/19/2016,1.000215272
1/20/2016,-0.335078097
1/21/2016,-0.257770787
1/22/2016,-0.389927813
1/25/2016,1.200504962
1/26/2016,-0.944697494
1/27/2016,0.764847022
1/28/2016,0.447465766
1/29/2016,-1.947161837
2/1/2016,-0.581724929
2/2/2016,0.937696882
2/3/2016,0.057468783
2/4/2016,-0.466676612
2/5/2016,1.591710519
2/8/2016,0.188408243
2/9/2016,-1.128922332
2/10/2016,0.611555161
2/11/2016,-0.285184277
2/12/2016,-0.902896808
2/16/2016,-0.535039984
2/17/2016,-0.899770331
2/18/2016,0.574534688
2/19/2016,-0.434169592
2/22/2016,-0.469388778
2/23/2016,0.865975773
2/24/2016,-1.348157128
2/25/2016,-0.934288462
2/26/2016,0.752918018
2/29/2016,0.794425192
3/1/2016,-1.589665186
3/2/2016,-0.637197819
3/3/2016,-0.498016014
3/4/2016,-0.209988506
3/7/2016,-0.627069341
3/8/2016,0.461575842
3/9/2016,-0.010034109
3/10/2016,0.210049002
3/11/2016,-0.7453046
3/14/2016,-0.168181635
3/15/2016,-0.402263109
3/16/2016,-0.863090252
3/17/2016,-0.683920471
3/18/2016,-0.102858893
3/21/2016,-0.294012339
3/22/2016,-0.392620249
3/23/2016,0.440935768
3/24/2016,-0.55445297
3/28/2016,0.181717989
3/29/2016,-1.163937689
3/30/2016,0.135724186
3/31/2016,0.189403134
4/1/2016,-1.257642243
4/4/2016,0.280424501
4/5/2016,0.234521916
4/6/2016,-1.092118115
4/7/2016,0.580092623
4/8/2016,0.409075687
4/11/2016,0.599267235
4/12/2016,-0.832434136
4/13/2016,-0.483091787
4/14/2016,0.028842216
4/15/2016,0.110569687
4/18/2016,-0.702669173
4/19/2016,-0.076279678
4/20/2016,-0.07144987
4/21/2016,0.547303459
4/22/2016,-0.201389592
4/25/2016,-0.168062042
4/26/2016,0.057402891
4/27/2016,-0.422125484
4/28/2016,0.484510202
4/29/2016,0.188660506
5/2/2016,-0.507443945
5/3/2016,0.174317254
5/4/2016,-0.009751695
5/5/2016,0.287019365
5/6/2016,-0.813487708
5/9/2016,-0.15566084
5/10/2016,-0.836878866
5/11/2016,0.678179969
5/12/2016,0.352161235
5/13/2016,0.70317247
5/16/2016,-0.887974209
5/17/2016,0.779812528
5/18/2016,-0.229897278
5/19/2016,-0.068606783
5/20/2016,-0.278160748
5/23/2016,0.145972462
5/24/2016,-0.824560807
5/25/2016,-0.292328081
5/26/2016,0.047749236
5/27/2016,-0.33885649
5/31/2016,0.341946242
6/1/2016,-0.549927806
6/2/2016,-0.529075779
6/3/2016,-0.014268252
6/6/2016,-0.308499767
6/7/2016,-0.070909091
6/8/2016,-0.250188354
6/9/2016,-0.26949412
6/10/2016,0.185308366
6/13/2016,0.434659914
6/14/2016,-0.019227404
6/15/2016,0.13939291
6/16/2016,-0.298433213
6/17/2016,0.313749098
6/20/2016,0.464515357
6/21/2016,-0.067210273
6/22/2016,0.263593585
6/23/2016,-0.47662171
6/24/2016,0.191523838
6/27/2016,0.9871472
6/28/2016,-0.853683261
6/29/2016,-0.888502263
6/30/2016,-1.095501628
7/1/2016,-0.210044877
7/5/2016,0.258431686
7/6/2016,-0.880528308
7/7/2016,0.162003149
7/8/2016,-0.758109916
7/11/2016,-0.098499929
7/12/2016,-0.195775883
7/13/2016,0.24136836
7/14/2016,0.12938956
7/15/2016,0.438230927
7/18/2016,-0.203733388
7/19/2016,-0.125048167
7/20/2016,-0.416297697
7/21/2016,0.318032346
7/22/2016,-0.383531715
7/25/2016,0.161293088
7/26/2016,-0.101603012
7/27/2016,0.308484734
7/28/2016,-0.221929361
7/29/2016,-0.304900665
8/1/2016,0.115106588
8/2/2016,0.507727224
8/3/2016,-0.324854749
8/4/2016,-0.046232722
8/5/2016,-0.817886866
8/8/2016,0.160252294
8/9/2016,-0.022916609
8/10/2016,0.306902573
8/11/2016,-0.178685517
8/12/2016,-0.077884468
8/15/2016,-0.091368724
8/16/2016,0.292771721
8/17/2016,-0.169722477
8/18/2016,-0.238162961
8/19/2016,-0.105352481
8/22/2016,-0.123707508
8/23/2016,0.12770764
8/24/2016,0.434185095
8/25/2016,-0.137995864
8/26/2016,0.289099213
8/29/2016,-0.423104761
8/30/2016,0.119121692
8/31/2016,0.105691834
9/1/2016,-0.009202742
9/2/2016,0.00915976
9/6/2016,-0.150892549
9/7/2016,-0.077681869
9/8/2016,0.050315617
9/9/2016,1.700696863
9/12/2016,-1.859784839
9/13/2016,0.749394912
9/14/2016,0.065637866
9/15/2016,-1.089402669
9/16/2016,0.051527545
9/19/2016,0.336244797
9/20/2016,0.461734985
9/21/2016,-0.737491581
9/22/2016,-0.082946083
9/23/2016,0.336838315
9/26/2016,0.362756481
9/27/2016,-0.710116318
9/28/2016,-0.375293978
9/29/2016,0.794824883
9/30/2016,-0.301418511
10/3/2016,0.01853767
10/4/2016,0.569686896
10/5/2016,-0.102131283
10/6/2016,-0.190371923
10/7/2016,0.490519653
10/10/2016,0
10/11/2016,1.034040137
10/12/2016,-0.056187557
10/13/2016,-0.400636776
10/14/2016,0.480970828
10/17/2016,0.33318833
10/18/2016,0.24738517
10/19/2016,-0.121481635
10/20/2016,-0.004680413
10/21/2016,-0.046750981
10/24/2016,0.051163256
10/25/2016,0.237560563
10/26/2016,-0.248580265
10/27/2016,0.657099444
10/28/2016,0.28150793
10/31/2016,0.178457715
11/1/2016,0.901703876
11/2/2016,0.431990993
11/3/2016,0.576220759
11/4/2016,0.172323485
11/7/2016,-2.205701718
11/8/2016,-0.66763787
11/9/2016,-1.888218719
11/10/2016,0.174875745
11/11/2016,-0.157347277
11/14/2016,0.202738332
11/15/2016,-0.571326041
11/16/2016,-0.142488051
11/17/2016,-0.431094697
11/18/2016,0.260193994
11/21/2016,-0.447139667
11/22/2016,-0.031747767
11/23/2016,-0.327302943
11/25/2016,-0.189958385
11/28/2016,0.307473317
11/29/2016,-0.176854704
11/30/2016,0.564003055
12/1/2016,0.525523953
12/2/2016,-0.004550007
12/5/2016,-0.158624976
12/6/2016,-0.216976764
12/7/2016,-1.390394522
12/8/2016,-0.258265566
12/9/2016,-0.487995644
12/12/2016,0.066251769
12/13/2016,-0.3259585
12/14/2016,0.672793181
12/15/2016,-0.287404487
12/16/2016,0.429185444
12/19/2016,-0.124305882
12/20/2016,-0.110546101
12/21/2016,0.212152928
12/22/2016,0.097518171
12/23/2016,-0.124213285
12/27/2016,-0.110609679
12/28/2016,0.957767106
12/29/2016,0.057907164
12/30/2016,0.533972777
1/3/2017,-0.088878424
1/4/2017,-0.425497306
1/5/2017,-0.057449064
1/6/2017,-0.300184524
1/9/2017,0.198315188
1/10/2017,0.008825945
1/11/2017,-0.32691509
1/12/2017,-0.013244592
1/13/2017,-0.141140125
1/17/2017,0.026511423
1/18/2017,-0.092701954
1/19/2017,0.409977084
1/20/2017,-0.017647993
1/23/2017,0.260214778
1/24/2017,-0.53004065
1/25/2017,-0.380415396
1/26/2017,0.030510899
1/27/2017,0.196145499
1/30/2017,0.271725032
1/31/2017,-0.242313424
2/1/2017,-0.039553466
2/2/2017,-0.065903261
2/3/2017,-0.227248048
2/6/2017,-0.026214882
2/7/2017,0.191822735
2/8/2017,-0.131040009
2/9/2017,-0.593265124
2/10/2017,-0.220777056
2/13/2017,-0.297312131
2/14/2017,-0.490195653
2/15/2017,-0.629685594
2/16/2017,0.097891468
2/17/2017,-0.487283186
2/21/2017,-0.411855037
2/22/2017,-0.110158036
2/23/2017,0.185749321
2/24/2017,-0.543615885
2/27/2017,-0.198614774
2/28/2017,0.084504585
3/1/2017,-0.583078152
3/2/2017,0.538484726
3/3/2017,-0.104967041
3/6/2017,-0.088424
3/7/2017,0.151668773
3/8/2017,0.328641617
3/9/2017,-0.067597804
3/10/2017,0.117661469
3/13/2017,-0.079960864
3/14/2017,0.118053381
3/15/2017,-0.585114923
3/16/2017,0.263479151
3/17/2017,0.302839537
3/20/2017,0.109688647
3/21/2017,1.57493788
3/22/2017,-0.218161009
3/23/2017,0.10670992
3/24/2017,0.221863636
3/27/2017,-0.728669017
3/28/2017,-0.878811234
3/29/2017,-0.234047401
3/30/2017,-0.348236292
3/31/2017,0.067820688
4/3/2017,0.19932188
4/4/2017,-0.204253617
4/5/2017,0.626426831
4/6/2017,-0.212820293
4/7/2017,-0.0212643
4/10/2017,0.008499745
4/11/2017,-0.068115796
4/12/2017,0.302464848
4/13/2017,0.483651774
4/17/2017,-0.626316329
4/18/2017,-0.064176792
4/19/2017,0.46051594
4/20/2017,-0.508222093
4/21/2017,0.280554304
4/24/2017,0.004214099
4/25/2017,-0.269008864
4/26/2017,0.04612008
4/27/2017,0.071197385
4/28/2017,0.343236509
5/1/2017,0
5/2/2017,0.029304975
5/3/2017,0.121459143
5/4/2017,0.029312481
5/5/2017,-0.213217524
5/8/2017,0.037537435
5/9/2017,0.216704861
5/10/2017,-0.200507959
5/11/2017,-0.012533528
5/12/2017,0.04600778
5/15/2017,-0.346599573
5/16/2017,0.23271152
5/17/2017,1.774406433
5/18/2017,-0.44118611
5/19/2017,-0.412925459
5/22/2017,-0.259527005
5/23/2017,-0.04167785
5/24/2017,-0.120669937
5/25/2017,-0.232171645
5/26/2017,-0.070387515
5/30/2017,-0.06629817
5/31/2017,0.165396132
6/1/2017,-0.574451376
6/2/2017,-0.308109443
6/5/2017,-0.008199369
6/6/2017,0.053418674
6/7/2017,-0.02462972
6/8/2017,-0.004100176
6/9/2017,0.278582495
6/12/2017,-0.09459795
6/13/2017,-0.23362858
6/14/2017,0.253204279
6/15/2017,-0.449155691
6/16/2017,0.053550685
6/19/2017,-0.439265987
6/20/2017,0.507678608
6/21/2017,0.209484098
6/22/2017,0.049395372
6/23/2017,-0.090568934
6/26/2017,0.250102917
6/27/2017,0.703584204
6/28/2017,-0.408249485
6/29/2017,0.948041518
6/30/2017,0.19811623
7/3/2017,0.275855561
7/5/2017,-0.057700613
7/6/2017,0.553969162
7/7/2017,-0.373116361
7/10/2017,-0.107386725
7/11/2017,0.074263731
7/12/2017,-0.291817506
7/13/2017,-0.163918529
7/14/2017,-0.466410281
7/17/2017,-0.024442091
7/18/2017,-0.244840449
7/19/2017,-0.394277288
7/20/2017,0.072789146
7/21/2017,-0.17854366
7/24/2017,-0.012161757
7/25/2017,0.104972144
7/26/2017,0.129165288
7/27/2017,0.306505073
7/28/2017,-0.105416585
7/31/2017,0.24254801
8/1/2017,0.056574798
8/2/2017,0.012122277
8/3/2017,0.141519147
8/4/2017,0.044440853
8/7/2017,-0.153537514
8/8/2017,0.101006022
8/9/2017,-0.316468129
8/10/2017,1.027243523
8/11/2017,-0.040976559
8/14/2017,-0.386822352
8/15/2017,0.190299218
8/16/2017,0.068794868
8/17/2017,1.279243395
8/18/2017,0.07821614
8/21/2017,-0.107152572
8/22/2017,-0.767744364
8/23/2017,-0.094133343
8/24/2017,0.412242857
8/25/2017,0.138830546
8/28/2017,0.244724479
8/29/2017,-0.736446974
8/30/2017,-0.481964216
8/31/2017,-0.312096302
9/1/2017,0.032269281
9/5/2017,0.485317894
9/6/2017,-0.024306434
9/7/2017,0.153692619
9/8/2017,-0.016228199
9/11/2017,-0.471703771
9/12/2017,-0.168248204
9/13/2017,-0.180200624
9/14/2017,-0.116090071
9/15/2017,-0.201053519
9/18/2017,-0.044068747
9/19/2017,0.0119996
9/20/2017,0.004002479
9/21/2017,0.196096522
9/22/2017,-0.156594658
9/25/2017,0.088300624
9/26/2017,0.136314651
9/27/2017,-0.068031854
9/28/2017,-0.248272138
9/29/2017,-0.355516503
10/2/2017,-0.330033792
10/3/2017,-0.214011567
10/4/2017,-0.185999444
10/5/2017,-0.441749243
10/6/2017,-0.086563449
10/9/2017,0.267057294
10/10/2017,-0.007851139
10/11/2017,-0.200388594
10/12/2017,0.007855572
10/13/2017,0.074469703
10/16/2017,-0.031341248
10/17/2017,-0.094034794
10/18/2017,0.070337243
10/19/2017,-0.376718201
10/20/2017,-0.159708991
10/23/2017,0.532090237
10/24/2017,0.015591582
10/25/2017,0.347411985
10/26/2017,0.1445408
10/27/2017,-0.483483446
10/30/2017,-0.109174172
10/31/2017,0.011664593
11/1/2017,0.213152605
11/2/2017,-0.069924244
11/3/2017,-0.263809997
11/6/2017,-0.212937679
11/7/2017,0.1158389
11/8/2017,-0.24760475
11/9/2017,-0.170722066
11/10/2017,-0.139675236
11/13/2017,-0.396404729
11/14/2017,-0.124318012
11/15/2017,0.070139897
11/16/2017,-0.427153637
11/17/2017,0.139422198
11/20/2017,-0.061971407
11/21/2017,-0.312522965
11/22/2017,0.092303846
11/24/2017,-0.015357252
11/27/2017,0.06911908
11/28/2017,-0.809167403
11/29/2017,0.117861004
11/30/2017,-0.473915663
12/1/2017,0.11331734
12/4/2017,0.814833471
12/5/2017,0
12/6/2017,0.022786936
12/7/2017,0
12/8/2017,-0.131998037
12/11/2017,0
12/12/2017,0.160919133
12/13/2017,0.116078036
12/14/2017,0.535397065
12/15/2017,-0.399321135
12/18/2017,-0.037301752
12/19/2017,0.487931297
12/20/2017,0.462217188
12/21/2017,0.059760591
12/22/2017,0.033630791
12/26/2017,-0.052429884
12/27/2017,0.022439225
12/28/2017,0.007473216
12/29/2017,0.621909659
1/2/2018,-0.347219614
1/3/2018,-0.56142551
1/4/2018,-0.151169979
1/5/2018,-0.333933788
1/8/2018,-0.223195274
1/9/2018,-0.051025876
1/10/2018,-0.160772439
1/11/2018,-0.498633303
1/12/2018,-0.54265246
1/16/2018,0.851979577
1/17/2018,-0.568278965
1/18/2018,0.121653065
1/19/2018,-0.218018594
1/22/2018,-0.899449935
1/23/2018,-0.194531732
1/24/2018,0.295752423
1/25/2018,0.302652023
1/26/2018,-0.819696394
1/29/2018,0.437169947
1/30/2018,0.297238493
1/31/2018,0.293572301
2/1/2018,-0.181442341
2/2/2018,1.653090265
2/5/2018,3.481447644
2/6/2018,-3.53543238
2/7/2018,0.309119926
2/8/2018,3.872991535
2/9/2018,-0.268409522
2/12/2018,-0.572341688
2/13/2018,-0.769026402
2/14/2018,-1.997653528
2/15/2018,-0.537611652
2/16/2018,-0.290091796
2/20/2018,0.231593943
2/21/2018,0.680399427
2/22/2018,0.258211724
2/23/2018,-1.074352222
2/26/2018,-0.713949571
2/27/2018,1.323214627
2/28/2018,1.461839489
3/1/2018,1.366932665
3/2/2018,-1.234010214
3/5/2018,-1.665853964
3/6/2018,0.153671064
3/7/2018,-0.872711296
3/8/2018,-0.201066724
3/9/2018,-1.149794292
3/12/2018,0.243561236
3/13/2018,1.114921042
3/14/2018,0.903498801
3/15/2018,0.318981073
3/16/2018,0.109285246
3/19/2018,1.046283496
3/20/2018,-0.003694545
3/21/2018,0.173496128
3/22/2018,1.582617646
3/23/2018,2.31669936
3/26/2018,-1.136832848
3/27/2018,2.092650084
3/28/2018,0.352833365
3/29/2018,-0.777419975
4/2/2018,1.934864686
4/3/2018,-0.733956826
4/4/2018,-2.65238481
4/5/2018,-0.033902092
4/6/2018,1.404605504
4/9/2018,0.14155986
4/10/2018,-0.332994678
4/11/2018,-0.110072873
4/12/2018,-0.252575954
4/13/2018,0.845147888
4/16/2018,-0.123590637
4/17/2018,-0.319316467
4/18/2018,0.110823081
4/19/2018,0.281839057
4/20/2018,0.818426776
4/23/2018,0.258176672
4/24/2018,1.774175402
4/25/2018,-0.27385835
4/26/2018,-0.574035631
4/27/2018,0.164794757
4/30/2018,1.028960524
5/1/2018,-0.420667761
5/2/2018,0.589212094
5/3/2018,-0.137262635
5/4/2018,-1.72070977
5/7/2018,-0.011239836
5/8/2018,-0.157603377
5/9/2018,-0.679918951
5/10/2018,-0.621437088
5/11/2018,-0.253528068
5/14/2018,0.131698619
5/15/2018,0.180415335
5/16/2018,-0.405685232
5/17/2018,-0.025743914
5/18/2018,0.106769754
5/21/2018,-0.131857803
5/22/2018,0.492774874
5/23/2018,-0.807601097
5/24/2018,0.04031219
5/25/2018,0
5/29/2018,0.47723318
5/30/2018,-0.780031423
5/31/2018,0.444604823
6/1/2018,-0.436842253
6/4/2018,-0.134773978
6/5/2018,-0.018185058
6/6/2018,-0.583772054
6/7/2018,0.208676731
6/8/2018,-0.48401516
6/11/2018,-0.043095819
6/12/2018,0.039417267
6/13/2018,0.415488732
6/14/2018,0.100354464
6/15/2018,-0.191612071
6/18/2018,-0.388401771
6/19/2018,-0.547445255
6/20/2018,0.108585084
6/21/2018,0.623279119
6/22/2018,0.333749542
6/25/2018,0.892335424
6/26/2018,0.014728684
6/27/2018,1.068832694
6/28/2018,-0.594157208
6/29/2018,0.30868588
7/2/2018,-0.871943495
7/3/2018,0.72195589
7/5/2018,-0.345362073
7/6/2018,-0.834735987
7/9/2018,-0.488159848
7/10/2018,-0.175995831
7/11/2018,0.104639728
7/12/2018,-0.391690385
7/13/2018,-0.150439868
7/16/2018,0.107287578
7/17/2018,-0.718210218
7/18/2018,-0.178215
7/19/2018,0.110591132
7/20/2018,0.032167853
7/23/2018,-0.268384315
7/24/2018,0.06388587
7/25/2018,-0.952626141
7/26/2018,-0.049429376
7/27/2018,0.807154514
7/30/2018,0.554153652
7/31/2018,-0.185174675
8/1/2018,0.248619479
8/2/2018,-1.073767794
8/3/2018,-0.378723323
8/6/2018,-0.352559564
8/7/2018,-0.066565749
8/8/2018,-0.024519428
8/9/2018,0.161101111
8/10/2018,0.102313631
8/13/2018,0.483294527
8/14/2018,-0.34638094
8/15/2018,0.212481758
8/16/2018,-0.232887796
8/17/2018,-0.433361891
8/20/2018,-0.035019784
8/21/2018,-0.031439651
8/22/2018,-0.101443961
8/23/2018,0.062940868
8/24/2018,-0.37355397
8/27/2018,-0.318498251
8/28/2018,0.130890464
8/29/2018,-0.454923829
8/30/2018,0.219981438
8/31/2018,-0.162159125
9/4/2018,0.010349848
9/5/2018,0.131303339
9/6/2018,0.342379395
9/7/2018,-0.216041179
9/10/2018,0.221647164
9/11/2018,-0.584609747
9/12/2018,-0.020755899
9/13/2018,-0.175661335
9/14/2018,0.061840514
9/17/2018,0.508909623
9/18/2018,-0.459291753
9/19/2018,-0.08591951
9/20/2018,-0.321204193
9/21/2018,0.37531339
9/24/2018,0.109839708
9/25/2018,0.267553597
9/26/2018,0.354061045
9/27/2018,-0.096414723
9/28/2018,-0.25173662
10/1/2018,0.130079086
10/2/2018,0
10/3/2018,0.34842831
10/4/2018,0.597565438
10/5/2018,0.645515892
10/8/2018,-0.26825258
10/9/2018,-0.003472285
10/10/2018,2.973886758
10/11/2018,1.772042093
10/12/2018,0.296266587
10/15/2018,0.417344965
10/16/2018,-1.37382065
10/17/2018,-0.003569391
10/18/2018,1.073729443
10/19/2018,0.317542303
10/22/2018,0.718407942
10/23/2018,-0.981720938
10/24/2018,2.930516365
10/25/2018,-1.009792037
10/26/2018,0.221881006
10/29/2018,1.837798817
10/30/2018,-1.554964842
10/31/2018,0.007385553
11/1/2018,-0.703241516
11/2/2018,1.040940855
11/5/2018,-0.3487054
11/6/2018,-0.658564303
11/7/2018,-1.242978824
11/8/2018,-0.139236379
11/9/2018,0.455144251
11/12/2018,1.666724978
11/13/2018,0.37716431
11/14/2018,1.444409083
11/15/2018,-1.577494611
11/16/2018,-0.713787091
11/19/2018,1.446614969
11/20/2018,0.467285978
11/21/2018,0.315954279
11/23/2018,-0.026600426
11/26/2018,-0.647152158
11/27/2018,-0.773446734
11/28/2018,-1.84717392
11/29/2018,-0.098651861
11/30/2018,-0.671997375
12/3/2018,0.349654276
12/4/2018,2.916979253
12/6/2018,-1.474121092
12/7/2018,2.185847323
12/10/2018,-0.265790338
12/11/2018,1.318836938
12/12/2018,0.751489884
12/13/2018,0.431485085
12/14/2018,0.946908307
12/17/2018,1.557437584
12/18/2018,0.824265125
12/19/2018,1.53231298
12/20/2018,1.076604094
12/21/2018,2.447924081
12/24/2018,1.966196928
12/26/2018,-4.326817797
12/27/2018,-2.267386668
12/28/2018,0.733232625
12/31/2018,-0.144253888
1/2/2019,-1.707454699
1/3/2019,1.619461413
1/4/2019,-1.938690205
1/7/2019,-0.668804854
1/8/2019,0.019475897
1/9/2019,-0.159187375
1/10/2019,-1.022397135
1/11/2019,-0.504508707
1/14/2019,-0.210234771
1/15/2019,-0.981304372
1/16/2019,-0.057517926
1/17/2019,-1.134564396
1/18/2019,-0.558525149
1/22/2019,0.740133656
1/23/2019,0.227266383
1/24/2019,-0.129173288
1/25/2019,-0.064008889
1/28/2019,-0.140474194
1/29/2019,0.193243776
1/30/2019,-0.935488851
1/31/2019,-0.90463269
2/1/2019,0.033313345
2/4/2019,-0.684908409
2/5/2019,-0.242256642
2/6/2019,0.018336082
2/7/2019,0.295263525
2/8/2019,-0.640000372
2/11/2019,0.213870566
2/12/2019,-0.61669221
2/13/2019,0.01454714
2/14/2019,-0.219156258
2/15/2019,-0.365468973
2/19/2019,-0.495513218
2/20/2019,-0.215977108
2/21/2019,0.100827867
2/22/2019,-0.37036786
2/25/2019,0.431026949
2/26/2019,-0.068069357
2/27/2019,-0.244155905
2/28/2019,0.1003721
3/1/2019,0.007127728
3/4/2019,0.781254245
3/5/2019,0.186027038
3/6/2019,0.651981744
3/7/2019,0.657434919
3/8/2019,-0.556894918
3/11/2019,-1.155268431
3/12/2019,-0.154085861
3/13/2019,-0.306611868
3/14/2019,0.074631625
3/15/2019,-0.274466734
3/18/2019,-0.277037483
3/19/2019,0.391526211
3/20/2019,0.216195064
3/21/2019,-1.457381621
3/22/2019,1.401737514
3/25/2019,-0.060965325
3/26/2019,-0.046266773
3/27/2019,0.519366468
3/28/2019,-0.128405562
3/29/2019,-0.031869399
4/1/2019,-0.396900229
4/2/2019,0.024474898
4/3/2019,0.313237498
4/4/2019,-0.139477649
4/5/2019,-0.225755061
4/8/2019,-0.23950121
4/9/2019,0.142500695
4/10/2019,-0.180706821
4/11/2019,0.214657767
4/12/2019,-0.055173793
4/15/2019,0.093022674
4/16/2019,0.271527055
4/17/2019,0.66917709
4/18/2019,0.027582557
4/22/2019,-0.380390756
4/23/2019,-0.756850163
4/24/2019,0.191262674
4/25/2019,0.023965152
4/26/2019,-0.448475855
4/29/2019,-0.122648287
4/30/2019,-0.180585035
5/1/2019,0.987378865
5/2/2019,0.171420739
5/3/2019,-0.413220399
5/6/2019,-1.234228868
5/7/2019,0.765121849
5/8/2019,0
5/9/2019,-0.501347314
5/10/2019,-0.868290401
5/13/2019,0.552378701
5/14/2019,-0.500019167
5/15/2019,-1.232288806
5/16/2019,-0.650719293
5/17/2019,-0.245486766
5/20/2019,0.038719285
5/21/2019,-0.237911707
5/22/2019,-0.063055874
5/23/2019,0.36021648
5/24/2019,0.338334755
5/28/2019,1.038539702
5/29/2019,0.229470077
5/30/2019,0.02865752
5/31/2019,0.33672084
6/3/2019,0.268784645
6/4/2019,-1.230515322
6/5/2019,-0.223144557
6/6/2019,-0.533015268
6/7/2019,-0.601546197
6/10/2019,0.138229259
6/11/2019,0.71823639
6/12/2019,0.086613078
6/13/2019,-0.062195233
6/14/2019,0
6/17/2019,0.051807822
6/18/2019,-0.346607278
6/19/2019,-0.1743326
6/20/2019,0.060810699
6/21/2019,0.044199843
6/24/2019,0.200522033
6/25/2019,1.001022091
6/26/2019,0.438731448
6/27/2019,-0.065223302
6/28/2019,-0.143554932
7/1/2019,0.343801073
7/2/2019,-0.277395231
7/3/2019,-0.545122498
7/5/2019,-0.342922604
7/8/2019,0.063971918
7/9/2019,-0.558297675
7/10/2019,-0.080433691
7/11/2019,0.003343913
7/12/2019,-0.266796059
7/15/2019,0.126193004
7/16/2019,0.289371368
7/17/2019,0.670562135
7/18/2019,-0.551830475
7/19/2019,0.956537766
7/22/2019,-0.097445991
7/23/2019,-0.297514192
7/24/2019,-0.752030477
7/25/2019,0.312355285
7/26/2019,-0.415613765
7/29/2019,0.139132766
7/30/2019,-0.27008002
7/31/2019,1.18276259
8/1/2019,0.927422696
8/2/2019,0.418584643
8/5/2019,1.482171911
8/6/2019,-0.661041577
8/7/2019,-1.255276749
8/8/2019,-1.381120112
8/9/2019,0.328112668
8/12/2019,0.651808546
8/13/2019,-1.671647379
8/14/2019,1.447569306
8/15/2019,0.080739608
8/16/2019,-0.827281105
8/19/2019,-0.047908895
8/20/2019,0.575793626
8/21/2019,0.010256769
8/22/2019,0.296704282
8/23/2019,2.08648657
8/26/2019,-0.254120175
8/27/2019,0.922157186
8/28/2019,-0.961067958
8/29/2019,-0.294798436
8/30/2019,0.601586906
9/3/2019,-0.058499844
9/4/2019,-0.307018474
9/5/2019,-0.347046049
9/6/2019,0.04025388
9/9/2019,0.314235125
9/10/2019,-0.258952125
9/11/2019,-0.596374508
9/12/2019,-0.013280996
9/13/2019,0.228644377
9/16/2019,-0.106726255
9/17/2019,-0.326735678
9/18/2019,-0.203007095
9/19/2019,0.149242862
9/20/2019,0.692497704
9/23/2019,-0.221812477
9/24/2019,1.18232823
9/25/2019,-0.560887975
9/26/2019,0.211673887
9/27/2019,0.815899374
9/30/2019,-0.27029361
10/1/2019,1.511385824
10/2/2019,1.180103602
10/3/2019,-0.906853486
10/4/2019,-1.102559193
10/7/2019,0.1328974
10/8/2019,0.862427818
10/9/2019,-0.178844024
10/10/2019,-0.707465159
10/11/2019,-0.003378675
10/14/2019,-0.006764776
10/15/2019,-0.599124525
10/16/2019,-0.010054295
10/17/2019,0.133473708
10/18/2019,0.24105293
10/21/2019,-0.190360355
10/22/2019,0.522315879
10/23/2019,-0.384960987
10/24/2019,0.17945864
10/25/2019,-0.620543158
10/28/2019,-0.118830791
10/29/2019,-0.06930396
10/30/2019,-0.233998621
10/31/2019,0.263051322
11/1/2019,-0.400105584
11/4/2019,0.155923661
11/5/2019,0.182059562
11/6/2019,-0.022801355
11/7/2019,0.126394008
11/8/2019,-0.370374933
11/11/2019,-0.302515438
11/12/2019,-0.08097166
11/13/2019,-0.386477212
11/14/2019,-0.246115152
11/15/2019,-0.247578943
11/18/2019,-0.157285013
11/19/2019,0.239861845
11/20/2019,0.163842843
11/21/2019,0.199435804
11/22/2019,0.041790158
11/25/2019,-0.445536237
11/26/2019,-0.213772053
11/27/2019,-0.276541128
11/29/2019,0.17467669
12/2/2019,0.937722444
12/3/2019,-0.29159048
12/4/2019,-0.244602179
12/5/2019,0.067265155
12/6/2019,-0.23876226
12/9/2019,0.178093435
12/10/2019,0.092412209
12/11/2019,-0.124196415
12/12/2019,-0.858700525
12/13/2019,-0.142017864
12/16/2019,-0.087713489
12/17/2019,0.109404222
12/18/2019,0.12812625
12/19/2019,-0.343966867
12/20/2019,-0.084260128
12/23/2019,0.115051775
12/24/2019,0.074653933
12/26/2019,-0.401059544
12/27/2019,0.271824621
12/30/2019,0.579044722
12/31/2019,-0.414933393
1/2/2020,-0.411073117
1/3/2020,-0.389214094
1/6/2020,-0.982877812
1/7/2020,0.089770915
1/8/2020,-0.467582211
1/9/2020,-0.150229947
1/10/2020,0.482757786
1/13/2020,-0.477954879
1/14/2020,0.006104071
1/15/2020,-0.256604852
1/16/2020,-0.370033654
1/17/2020,-0.075369307
1/21/2020,-0.120880631
1/22/2020,0.270886717
1/23/2020,-0.329672439
1/24/2020,1.103962513
1/27/2020,-0.145497632
1/28/2020,-0.562978223
1/29/2020,0.535967469
1/30/2020,-1.023556589
1/31/2020,1.611617431
2/3/2020,-0.238128649
2/4/2020,-0.301762117
2/5/2020,-0.177565239
2/6/2020,-0.020965829
2/7/2020,0.186285376
2/10/2020,-1.041566852
2/11/2020,0.267727864
2/12/2020,-0.175170271
2/13/2020,-0.357295615
2/14/2020,-0.026664691
2/18/2020,-0.065377253
2/19/2020,-0.162819203
2/20/2020,0.233901233
2/21/2020,0.593194621
2/24/2020,0.22281425
2/25/2020,3.485215759
2/26/2020,0.853011987
2/27/2020,2.602625952
2/28/2020,-2.61863446
3/2/2020,-3.648437453
3/3/2020,2.991925687
3/4/2020,-2.201747717
3/5/2020,0.826290219
3/6/2020,-1.470236087
3/9/2020,0.388658571
3/10/2020,-1.327992482
3/11/2020,2.258648639
3/12/2020,3.082030859
3/13/2020,-2.368015164
3/16/2020,0.55144997
3/17/2020,-3.166834077
3/18/2020,-1.587301587
3/19/2020,-0.526643678
3/20/2020,5.661153695
3/23/2020,2.296334175
3/24/2020,-3.724083301
3/25/2020,-0.784088716
3/26/2020,-4.680990627
3/27/2020,-0.059222963
3/30/2020,-2.326944493
3/31/2020,1.078445664
4/1/2020,0.737963557
4/2/2020,-2.708103897
4/3/2020,1.02488158
4/6/2020,-2.722614454
4/7/2020,3.311325735
4/8/2020,-2.265266534
4/9/2020,-0.223368049
4/13/2020,0.534030064
4/14/2020,-1.000070428
4/15/2020,-0.068452281
4/16/2020,0.017907219
4/17/2020,-0.441520071
4/20/2020,0.360917538
4/21/2020,1.333430367
4/22/2020,-0.269444938
4/23/2020,0.502692806
4/24/2020,-0.797916116
4/27/2020,-0.676905525
4/28/2020,1.817736994
4/29/2020,-0.576267282
4/30/2020,0.421644797
5/1/2020,0.883245949
5/4/2020,-1.008056244
5/5/2020,0.156995875
5/6/2020,1.315792557
5/7/2020,0.024329105
5/8/2020,-0.463776158
5/11/2020,-0.743956751
5/12/2020,2.423498343
5/13/2020,1.559110687
5/14/2020,-2.158088812
5/15/2020,-1.384709448
5/18/2020,-0.66541958
5/19/2020,0.808562919
5/20/2020,-0.375223438
5/21/2020,0.643554009
5/22/2020,-0.295344054
5/26/2020,0.943929409
5/27/2020,-0.466703304
5/28/2020,0.5514502
5/29/2020,-0.614962658
6/1/2020,-0.635660705
6/2/2020,-0.499102613
6/3/2020,-0.625323318
6/4/2020,-0.080357434
6/5/2020,-0.665127802
6/8/2020,-0.930613638
6/9/2020,-0.152988142
6/10/2020,0.752912981
6/11/2020,3.483595426
6/12/2020,1.307422505
6/15/2020,-3.029997763
6/16/2020,0.798789119
6/17/2020,0.767345798
6/18/2020,-0.570945758
6/19/2020,1.760192816
6/22/2020,-0.85392548
6/23/2020,0.459345448
6/24/2020,1.855796564
6/25/2020,-1.278546475
6/26/2020,1.995693729
6/29/2020,-1.01190636
6/30/2020,-1.43754569
7/1/2020,-0.30687146
7/2/2020,0.63963183
7/6/2020,-0.214935996
7/7/2020,0.507326392
7/8/2020,-0.499033112
7/9/2020,0.776414288
7/10/2020,-1.043555096
7/13/2020,1.652456476
7/14/2020,-1.7938159
7/15/2020,0.173691261
7/16/2020,-0.312705204
7/17/2020,0.049709208
7/20/2020,-0.89911149
7/21/2020,0.441109495
7/22/2020,-0.690034513
7/23/2020,1.075140132
7/24/2020,0.021812431
7/27/2020,-0.494355618
7/28/2020,0.390776301
7/29/2020,-0.931329954
7/30/2020,-0.639949375
7/31/2020,-0.190240875
8/3/2020,-0.143153628
8/4/2020,-0.671022113
8/5/2020,-0.193074486
8/6/2020,-0.85977311
8/7/2020,-0.387064331
8/10/2020,-0.152214231
8/11/2020,1.202320893
8/12/2020,-0.596231811
8/13/2020,-0.065358132
8/14/2020,-0.12781784
8/17/2020,0.008876724
8/18/2020,-0.08867382
8/19/2020,0.536787219
8/20/2020,-0.87071032
8/21/2020,-0.461647118
8/24/2020,-0.233841346
8/25/2020,-0.171745117
8/26/2020,-0.815058858
8/27/2020,0.051655044
8/28/2020,-0.326231969
8/31/2020,0.296848289
9/1/2020,-0.682451975
9/2/2020,-0.854314966
9/3/2020,2.944890029
9/4/2020,1.028514705
9/8/2020,1.039470195
9/9/2020,-0.663611637
9/10/2020,2.319932081
9/11/2020,0.524092956
9/14/2020,-0.287416228
9/15/2020,0.278489099
9/16/2020,0.787679108
9/17/2020,-0.683534601
9/18/2020,1.4074011
9/21/2020,-0.389925991
9/22/2020,-0.526518235
9/23/2020,2.496216123
9/24/2020,-0.709793597
9/25/2020,-1.90651133
9/28/2020,-0.291099273
9/29/2020,0.479086743
9/30/2020,-0.540400199
10/1/2020,0.192482157
10/2/2020,-0.645156443
10/5/2020,-1.100997447
10/6/2020,1.46509692
10/7/2020,-0.780792334
10/8/2020,-0.271253605
10/9/2020,-0.373309413
10/12/2020,-0.812379368
10/13/2020,0.610308279
10/14/2020,0.803993443
10/15/2020,-1.102676413
10/16/2020,0.478559733
10/19/2020,1.904484186
10/20/2020,0.023288302
10/21/2020,0.174751995
10/22/2020,-0.481103931
10/23/2020,0.04335964
10/26/2020,0.800862234
10/27/2020,0.453263761
10/28/2020,1.638061398
10/29/2020,-0.939098517
10/30/2020,0.530032291
11/2/2020,0
11/3/2020,-0.70124876
11/4/2020,-0.786253628
11/5/2020,-0.286336052
11/6/2020,-0.065730576
11/9/2020,2.585378733
11/10/2020,-0.155596768
11/11/2020,-0.075762908
11/12/2020,0.666515576
11/13/2020,-0.796582061
11/16/2020,-0.440466494
11/17/2020,-0.180568936
11/18/2020,1.282869676
11/19/2020,-0.61304639
11/20/2020,0.606996643
11/23/2020,-0.050378415
11/24/2020,-0.835626461
11/25/2020,0.129430505
11/27/2020,0.046719163
11/30/2020,0.212217575
12/1/2020,-0.123090514
12/2/2020,-0.539992863
12/3/2020,-0.002729628
12/4/2020,-0.688772447
12/7/2020,-0.018971059
12/8/2020,-0.666271074
12/9/2020,1.086604547
12/10/2020,-0.3722298
12/11/2020,-0.38366512
12/14/2020,1.079647037
12/15/2020,-0.59608112
12/16/2020,-0.094642257
12/17/2020,-0.080654944
12/18/2020,0.482520957
12/21/2020,-0.791841519
12/22/2020,0.263436904
12/23/2020,0.192785924
12/24/2020,-0.249949205
12/28/2020,-0.115678434
12/29/2020,0.628663496
12/30/2020,0.09400172
12/31/2020,-0.564851796
1/4/2021,1.737227634
1/5/2021,-0.87747377
1/6/2021,-1.03865113
1/7/2021,-0.797660184
1/8/2021,-0.176046141
1/11/2021,-0.222309378
1/12/2021,0.031678322
1/13/2021,-0.290476906
1/14/2021,0.559658694
1/15/2021,0.270755202
1/19/2021,-0.081936354
1/20/2021,-0.729456091
1/21/2021,0.065021199
1/22/2021,-0.164814912
1/25/2021,-0.187661786
1/26/2021,0.420330293
1/27/2021,1.528061908
1/28/2021,-0.337448201
1/29/2021,1.480179412
2/1/2021,-0.67162849
2/2/2021,-0.500459378
2/3/2021,0.154271519
2/4/2021,-0.843433015
2/5/2021,0.126229002
2/8/2021,-0.318550373
2/9/2021,-0.164270687
2/10/2021,0.52025095
2/11/2021,0.135466469
2/12/2021,-0.715662167
2/16/2021,0.421363346
2/17/2021,-0.504585302
2/18/2021,-0.290049799
2/19/2021,0.520317281
2/22/2021,0.007750478
2/23/2021,-0.738313308
2/24/2021,-1.408123155
2/25/2021,2.069623452
2/26/2021,1.038121748
3/1/2021,-1.03477555
3/2/2021,0.841413458
3/3/2021,1.132739547
3/4/2021,1.18566418
3/5/2021,-0.833205613
3/8/2021,0.764312112
3/9/2021,-0.342103662
3/10/2021,0.028231415
3/11/2021,-0.331435118
3/12/2021,-0.507560121
3/15/2021,-0.527481315
3/16/2021,0.292140675
3/17/2021,-0.691965378
3/18/2021,0.760494807
3/19/2021,0.10259413
3/22/2021,-0.656359
3/23/2021,0.614938117
3/24/2021,0.890028389
3/25/2021,-0.963780738
3/26/2021,-1.291795997
3/29/2021,-0.349899853
3/30/2021,-0.07859591
3/31/2021,-0.250415088
4/1/2021,-0.554716625
4/5/2021,-0.71878106
4/6/2021,-0.088718699
4/7/2021,-0.160120707
4/8/2021,-0.144631679
4/9/2021,-0.759072183
4/12/2021,-0.192286476
4/13/2021,-0.323180814
4/14/2021,0.334271987
4/15/2021,-0.514817289
4/16/2021,-0.002399041
4/19/2021,0.252250751
4/20/2021,0.420379064
4/21/2021,-1.108113263
4/22/2021,0.870428688
4/23/2021,-0.937339852
4/26/2021,-0.040720343
4/27/2021,0.098103512
4/28/2021,0.098131687
4/29/2021,0.061859772
4/30/2021,0.079021382
5/3/2021,0.293250607
5/4/2021,0.10815776
5/5/2021,0.390532603
5/6/2021,-0.779169396
5/7/2021,-0.531086694
5/10/2021,1.079289467
5/11/2021,-0.268696438
5/12/2021,1.41526806
5/13/2021,-0.788560185
5/14/2021,-0.815564985
5/17/2021,-0.03128963
5/18/2021,0.928327588
5/19/2021,-0.968242375
5/20/2021,-0.845073118
5/21/2021,0.462972395
5/24/2021,-0.438495476
5/25/2021,0.49722767
5/26/2021,-0.047750377
5/27/2021,0.209439982
5/28/2021,0.220916454
6/1/2021,0.686275399
6/2/2021,0.00951733
6/3/2021,-0.220170632
6/4/2021,-0.439692454
6/7/2021,0.094652974
6/8/2021,0.19616318
6/9/2021,0.361548047
6/10/2021,-0.15367742
6/11/2021,-0.025927863
6/14/2021,-0.195560402
6/15/2021,0.220958575
6/16/2021,0.593462537
6/17/2021,-0.071142835
6/18/2021,0.520267333
6/21/2021,-0.9740876
6/22/2021,-0.537003438
6/23/2021,0.139416337
6/24/2021,-0.049422437
6/25/2021,-0.166703689
6/28/2021,-0.07022684
6/29/2021,0.042066233
6/30/2021,-0.198967023
7/1/2021,-0.363746128
7/2/2021,-0.474897014
7/6/2021,0.195953249
7/7/2021,-0.184473318
7/8/2021,-0.499093709
7/9/2021,-0.691279219
7/12/2021,-0.378934393
7/13/2021,0.148999178
7/14/2021,0.265204393
7/15/2021,0.013798671
7/16/2021,1.071079538
7/19/2021,0.286257536
7/20/2021,-1.263861372
7/21/2021,-0.511169917
7/22/2021,-0.165616464
7/23/2021,-0.553120557
7/26/2021,-0.389244726
7/27/2021,0.204585936
7/28/2021,0.193323784
7/29/2021,-0.188710606
7/30/2021,-0.137015824
8/2/2021,0.624517424
8/3/2021,-0.618098711
8/4/2021,0.181906408
8/5/2021,-0.349827131
8/6/2021,-0.088211716
8/9/2021,0.074579851
8/10/2021,-0.015817086
8/11/2021,0.009014465
8/12/2021,-0.335870794
8/13/2021,-0.074062928
8/16/2021,-0.548894789
8/17/2021,0.045016434
8/18/2021,0.853349755
8/19/2021,-0.822884015
8/20/2021,-0.710986058
8/23/2021,-0.471741841
8/24/2021,0
8/25/2021,-0.165113903
8/26/2021,0.523834751
8/27/2021,-0.700036911
8/30/2021,-0.279399959
8/31/2021,0.126071482
9/1/2021,0.167935744
9/2/2021,0.028678417
9/3/2021,-0.243368285
9/7/2021,0.276114958
9/8/2021,-0.004433232
9/9/2021,0.381628789
9/10/2021,1.241576554
9/13/2021,0.459171704
9/14/2021,0.881456316
9/15/2021,-0.733212639
9/16/2021,0.033531699
9/17/2021,0.791157713
9/20/2021,0.193155811
9/21/2021,0.664328685
9/22/2021,-0.415089336
9/23/2021,-0.75707331
9/24/2021,-0.55953289
9/27/2021,0.038387345
9/28/2021,1.357775017
9/29/2021,0.170038373
9/30/2021,1.577903347
10/1/2021,-0.756410719
10/4/2021,1.006924942
10/5/2021,-0.664748993
10/6/2021,-1.311530073
10/7/2021,-0.061586485
10/8/2021,0.368623364
10/11/2021,0.565010975
10/12/2021,0.470543746
10/13/2021,-0.108118518
10/14/2021,-0.778904323
10/15/2021,-0.251825745
10/18/2021,-0.725274454
10/19/2021,-0.383142197
10/20/2021,-0.283731737
10/21/2021,-0.402861422
10/22/2021,0.002209079
10/25/2021,-0.279560844
10/26/2021,0.271220684
10/27/2021,0.549898112
10/28/2021,-0.627940117
10/29/2021,-0.74144055
11/1/2021,0.05648034
11/2/2021,-0.365041284
11/3/2021,-0.741385885
11/4/2021,-0.333079562
11/5/2021,0.159819298
11/8/2021,0.163938467
11/9/2021,0.413364436
11/10/2021,0.420978576
11/11/2021,0.309538064
11/12/2021,-0.462245017
11/15/2021,0.258198609
11/16/2021,-0.455957407
11/17/2021,0.183365672
11/18/2021,-0.104428653
11/19/2021,0.153312328
11/22/2021,0.705049564
11/23/2021,-0.207611189
11/24/2021,-0.725229373
11/26/2021,0.728899734
11/29/2021,-0.114206691
11/30/2021,1.393939827
12/1/2021,2.413138948
12/2/2021,-1.479817815
12/3/2021,1.252259476
12/6/2021,-0.58316795
12/7/2021,-0.833314306
12/8/2021,-0.174947083
12/9/2021,0.384489592
12/10/2021,-0.321799323
12/13/2021,0.769900462
12/14/2021,-0.058301627
12/15/2021,-1.549348927
12/16/2021,1.295045159
12/17/2021,0.363989393
12/20/2021,-0.11001584
12/21/2021,-0.970326235
12/22/2021,-1.058794033
12/23/2021,-0.394667947
12/27/2021,-1.101557434
12/28/2021,0.177929749
12/29/2021,-0.104826196
12/30/2021,0.370344826
12/31/2021,0.142970309
1/3/2022,-0.29603255
1/4/2022,0.348485663
1/5/2022,1.840053426
1/6/2022,-0.010683494
1/7/2022,0.397481772
1/10/2022,-0.607304501
1/11/2022,-0.971560066
1/12/2022,0.120869188
1/13/2022,1.622228969
1/14/2022,-0.765410999
1/18/2022,0.706921319
1/19/2022,1.392618892
1/20/2022,1.542699725
1/21/2022,1.701227003
1/24/2022,-1.807744142
1/25/2022,-0.325590682
1/26/2022,1.665455614
1/27/2022,1.601793419
1/28/2022,-2.142465367
1/31/2022,-1.964920269
2/1/2022,-0.503687547
2/2/2022,-0.406148408
2/3/2022,0.96463153
2/4/2022,-0.526494
2/7/2022,0.500545027
2/8/2022,-0.942401651
2/9/2022,-0.509645445
2/10/2022,0.447553733
2/11/2022,1.991502842
2/14/2022,0.204588101
2/15/2022,-0.534107439
2/16/2022,-0.601449112
2/17/2022,1.389829653
2/18/2022,0.708841399
2/22/2022,0.537175651
2/23/2022,2.475382957
2/24/2022,-4.204174849
2/25/2022,-1.8947453
2/28/2022,-1.064742266
3/1/2022,1.163110954
3/2/2022,-1.276688962
3/3/2022,1.080666104
3/4/2022,-0.097281529
3/7/2022,2.808479976
3/8/2022,0.803106392
3/9/2022,-0.533939154
3/10/2022,-0.700563779
3/11/2022,1.88031115
3/14/2022,0.924235516
3/15/2022,-1.524650206
3/16/2022,-1.332894415
3/17/2022,-1.72513459
3/18/2022,-1.488581963
3/21/2022,-0.01125692
3/22/2022,-0.836587971
3/23/2022,0.695893127
3/24/2022,-1.020313939
3/25/2022,-0.339125363
3/28/2022,-0.851658191
3/29/2022,-0.332594026
3/30/2022,0.356254945
3/31/2022,1.364956604
4/1/2022,0.086030531
4/4/2022,-0.809918337
4/5/2022,0.920434513
4/6/2022,0.082800239
4/7/2022,-0.713658975
4/8/2022,0.089290354
4/11/2022,0.943453681
4/12/2022,1.081063948
4/13/2022,-1.205396665
4/14/2022,1.29860876
4/18/2022,-0.265562374
4/19/2022,-1.639799079
4/20/2022,0.494500567
4/21/2022,2.33647184
4/22/2022,2.487925408
4/25/2022,-1.142397822
4/26/2022,2.284945001
4/27/2022,-0.007189867
4/28/2022,-1.307155955
4/29/2022,2.73613544
5/2/2022,-0.584853049
5/3/2022,-0.330111315
5/4/2022,-2.872353355
5/5/2022,2.529735085
5/6/2022,-0.058377523
5/9/2022,1.710686966
5/10/2022,1.335013012
5/11/2022,1.336450098
5/12/2022,-0.762770896
5/13/2022,-1.262889797
5/16/2022,-0.027497624
5/17/2022,-0.440313877
5/18/2022,2.884762082
5/19/2022,-0.216148425
5/20/2022,0.92053274
5/23/2022,-1.041169497
5/24/2022,-0.338806044
5/25/2022,-1.289795576
5/26/2022,-1.665534097
5/27/2022,-1.801869512
5/31/2022,0.149920207
6/1/2022,1.3440318
6/2/2022,-1.946656672
6/3/2022,0.451014798
6/6/2022,0.720861663
6/7/2022,-1.872086226
6/8/2022,0.654698148
6/9/2022,1.929934548
6/10/2022,1.286471064
6/13/2022,1.276821357
6/14/2022,0.790768463
6/15/2022,-0.487605224
6/16/2022,1.041811529
6/17/2022,-0.095749772
6/21/2022,-0.855089374
6/22/2022,-1.017219808
6/23/2022,-0.377013313
6/24/2022,-2.275824105
6/27/2022,0.629073539
6/28/2022,2.454966745
6/29/2022,0.233458798
6/30/2022,-0.268448338
7/1/2022,-1.24282771
7/5/2022,-1.617533766
7/6/2022,-0.298347346
7/7/2022,-1.00488031
7/8/2022,-0.361511101
7/11/2022,0.419850972
7/12/2022,0.735046799
7/13/2022,-0.994396412
7/14/2022,-1.150937923
7/15/2022,-0.674426109
7/18/2022,1.655593212
7/19/2022,-1.603295226
7/20/2022,-0.586028994
7/21/2022,-1.174651145
7/22/2022,0.960096479
7/25/2022,0.045481491
7/26/2022,0.749030324
7/27/2022,-1.693889911
7/28/2022,-1.040083566
7/29/2022,-1.081996943
8/1/2022,-0.395941592
8/2/2022,0.259091957
8/3/2022,-1.011460912
8/4/2022,0.048261699
8/5/2022,-0.930038804
8/8/2022,0.54425286
8/9/2022,0.211051137
8/10/2022,-0.288932376
8/11/2022,0.709236642
8/12/2022,-1.201338059
8/15/2022,-0.962873109
8/16/2022,-0.460571143
8/17/2022,-0.173743277
8/18/2022,-0.241303949
8/19/2022,0.668265783
8/22/2022,0.8871795
8/23/2022,0.133201261
8/24/2022,-0.378546518
8/25/2022,-1.028325812
8/26/2022,3.357260902
8/29/2022,-0.10691024
8/30/2022,1.396561822
8/31/2022,1.18770787
9/1/2022,-0.898469766
9/2/2022,2.008596238
9/6/2022,0.602852738
9/7/2022,-1.882541334
9/8/2022,-1.262042492
9/9/2022,-0.958438719
9/12/2022,-0.535740987
9/13/2022,2.172555877
9/14/2022,-0.032956879
9/15/2022,0.722718868
9/16/2022,-0.369652456
9/19/2022,-1.645471102
9/20/2022,0.251909314
9/21/2022,2.258416083
9/22/2022,0.626689171
9/23/2022,0.709691589
9/26/2022,0.573130094
9/27/2022,1.260796734
9/28/2022,-1.687796782
9/29/2022,1.095932232
9/30/2022,1.276947251
10/3/2022,-1.531516063
10/4/2022,-1.495705448
10/5/2022,-0.990915893
10/6/2022,0.644263626
10/7/2022,1.674930749
10/10/2022,1.082537119
10/11/2022,0.139571241
10/12/2022,0.449511389
10/13/2022,-4.799407357
10/14/2022,2.962958447
10/17/2022,-0.771955969
10/18/2022,1.066297003
10/19/2022,0.13279222
10/20/2022,0.71189713
10/21/2022,-2.511506936
10/24/2022,-0.792779771
10/25/2022,-1.618311955
10/26/2022,-0.104814739
10/27/2022,0.806640025
10/28/2022,-2.408717224
10/31/2022,0.059520494
11/1/2022,1.440515144
11/2/2022,2.352174822
11/3/2022,0.123829919
11/4/2022,0.172412202
11/7/2022,-0.59305315
11/8/2022,-0.233532323
11/9/2022,1.526593874
11/10/2022,-1.711123362
11/11/2022,-0.738141518
11/14/2022,0.388244084
11/15/2022,0.663094613
11/16/2022,0.335195071
11/17/2022,-0.968088687
11/18/2022,0.429926847
11/21/2022,0.012674589
11/22/2022,-0.824443173
11/23/2022,-0.718314375
11/25/2022,-0.124430733
11/28/2022,0.796810752
11/29/2022,0.207038764
11/30/2022,-3.082253232
12/1/2022,0.340040619
12/2/2022,-1.158484525
12/5/2022,1.079345431
12/6/2022,1.399535781
12/7/2022,-0.0559887
12/8/2022,-0.278376008
12/9/2022,0.420317768
12/12/2022,-1.228090428
12/13/2022,2.011115982
12/14/2022,0.550282882
12/15/2022,1.184373102
12/16/2022,0.495873107
12/19/2022,0.899682372
12/20/2022,-0.345436269
12/21/2022,-0.777563209
12/22/2022,0.608272307
12/23/2022,-0.858688279
12/27/2022,0.363127294
12/28/2022,1.224656638
12/29/2022,-1.003607974
12/30/2022,-0.470254815
1/3/2023,0.92358614
1/4/2023,-0.151369333
1/5/2023,0.613013726
1/6/2023,-1.429654796
1/9/2023,0.642982307
1/10/2023,-0.859906262
1/11/2023,-0.838787933
1/12/2023,-0.073103081
1/13/2023,-1.239775688
1/17/2023,0.178182589
1/18/2023,1.88466951
1/19/2023,0.184911143
1/20/2023,-1.481671087
1/23/2023,-0.985582776
1/24/2023,-0.330928345
1/25/2023,-1.111249872
1/26/2023,-0.401854236
1/27/2023,-0.500418416
1/30/2023,0.548657415
1/31/2023,-1.333733686
2/1/2023,-1.379530891
2/2/2023,-0.462810121
2/3/2023,-0.184652204
2/6/2023,-0.009755728
2/7/2023,-1.545725311
2/8/2023,0.600297962
2/9/2023,1.766368555
2/10/2023,-0.537136964
2/13/2023,-1.005574963
2/14/2023,-0.340439897
2/15/2023,-0.884611904
2/16/2023,0.124760877
2/17/2023,-0.295525786
2/21/2023,0.984965519
2/22/2023,0.245289354
2/23/2023,0.224124416
2/24/2023,-0.242777798
2/27/2023,0.535169937
2/28/2023,0.244191268
3/1/2023,0.169447913
3/2/2023,-1.306408549
3/3/2023,-1.120815366
3/6/2023,0.143188993
3/7/2023,1.520702191
3/8/2023,-0.133034961
3/9/2023,2.046328164
3/10/2023,1.299262418
3/13/2023,-0.929778429
3/14/2023,-0.314983611
3/15/2023,-0.878484508
3/16/2023,-2.401628104
3/17/2023,0.821425917
3/20/2023,-0.752303503
3/21/2023,-0.4204043
3/22/2023,1.660277836
3/23/2023,0.485960925
3/24/2023,-0.997857299
3/27/2023,0.409425555
3/28/2023,0.042949947
3/29/2023,-0.355065393
3/30/2023,0.096509194
3/31/2023,-1.168885225
4/3/2023,-0.513637268
4/4/2023,0.716676069
4/5/2023,0.075996665
4/6/2023,-0.594934008
4/10/2023,-0.737807755
4/11/2023,0.131626039
4/12/2023,0.927478827
4/13/2023,-1.048440313
4/14/2023,0.084786464
4/17/2023,-0.380727749
4/18/2023,0.3296588
4/19/2023,-0.4657741
4/20/2023,-0.162937189
4/21/2023,-0.002428492
4/24/2023,-0.155347221
4/25/2023,1.096010556
4/26/2023,0.580255703
4/27/2023,-1.329239312
4/28/2023,-1.07900632
5/1/2023,-0.009629817
5/2/2023,0.947511417
5/3/2023,0.811939936
5/4/2023,0.442333578
5/5/2023,-0.909735874
5/8/2023,0.055696782
5/9/2023,0.048649332
5/10/2023,0.248864161
5/11/2023,-0.043692923
5/12/2023,0.44265322
5/15/2023,-0.191647421
5/16/2023,0.390905905
5/17/2023,-0.698436997
5/18/2023,-1.043629082
5/19/2023,0.368902576
5/22/2023,-0.035828873
5/23/2023,0.716886711
5/24/2023,0.322490897
5/25/2023,0.021699378
5/26/2023,-1.129223063
5/30/2023,0.438358885
5/31/2023,0.102800278
6/1/2023,-0.892155047
6/2/2023,-0.805656773
6/5/2023,0.275519054
6/6/2023,-0.318744219
6/7/2023,0.441138547
6/8/2023,-0.588347951
6/9/2023,0.013954089
6/12/2023,-0.668331689
6/13/2023,-0.307818841
6/14/2023,-0.038896821
6/15/2023,-1.436990165
6/16/2023,0.803575028
6/20/2023,0.061725681
6/21/2023,0.279714322
6/22/2023,-0.589929238
6/23/2023,-0.064675122
6/26/2023,0.272755077
6/27/2023,-0.883545032
6/28/2023,-0.308016788
6/29/2023,-0.493163144
6/30/2023,-0.416817006
7/3/2023,-0.196422825
7/5/2023,-0.276074538
7/6/2023,-0.054615401
7/7/2023,0.018242482
7/10/2023,-0.337763253
7/11/2023,-0.456346678
7/12/2023,0.082892983
7/13/2023,-0.37061934
7/14/2023,0.266385183
7/17/2023,-0.380734082
7/18/2023,-0.819090344
7/19/2023,-0.041757763
7/20/2023,0.438166313
7/21/2023,0.392104598
7/24/2023,-0.18307718
7/25/2023,-0.334858335
7/26/2023,-0.228839967
7/27/2023,1.422595782
7/28/2023,-0.228131962
7/31/2023,-0.083077545
8/1/2023,-0.046030203
8/2/2023,0.688360728
8/3/2023,-0.178552581
8/4/2023,0.867501551
8/7/2023,-0.44572219
8/8/2023,-0.149529776
8/9/2023,0.730463222
8/10/2023,0.508712374
8/11/2023,-0.378402369
8/14/2023,-0.766802993
8/15/2023,0.757383217
8/16/2023,0.637340338
8/17/2023,1.103906736
8/18/2023,-0.722247741
8/21/2023,-0.409097943
8/22/2023,0.68679429
8/23/2023,-0.860557541
8/24/2023,1.754027967
8/25/2023,-0.294065839
8/28/2023,-0.117587738
8/29/2023,-1.470690181
8/30/2023,-0.333696685
8/31/2023,0.287830846
9/1/2023,0.436924541
9/5/2023,0.330579496
9/6/2023,0.486171505
9/7/2023,-0.392683771
9/8/2023,-0.139356037
9/11/2023,-0.046854811
9/12/2023,0.214794043
9/13/2023,-0.06499238
9/14/2023,-0.287255435
9/15/2023,0.843140822
9/18/2023,-0.130914573
9/19/2023,-0.006776453
9/20/2023,1.209431067
9/21/2023,0.989212045
9/22/2023,0.469418186
9/25/2023,-0.713003683
9/26/2023,0.748092715
9/27/2023,0.243510269
9/28/2023,-0.714481978
9/29/2023,0.970649309
10/2/2023,-0.161737145
10/3/2023,0.816355812
10/4/2023,-0.613641566
10/5/2023,-0.032994393
10/6/2023,-1.793968287
10/9/2023,-1.101553427
10/10/2023,-0.369567837
10/11/2023,-0.156090344
10/12/2023,0.752948372
10/13/2023,0.852459979
10/16/2023,-0.51173343
10/17/2023,-0.741662858
10/18/2023,0.916651922
10/19/2023,1.048849953
10/20/2023,1.124468021
10/23/2023,-0.202570489
10/24/2023,-0.231872948
10/25/2023,1.028710528
10/26/2023,0.936492709
10/27/2023,0.847439335
10/30/2023,-0.49085937
10/31/2023,-0.485371482
11/1/2023,-0.825379747
11/2/2023,-0.979891961
11/3/2023,-0.357848951
11/6/2023,-0.050520357
11/7/2023,-0.28460396
11/8/2023,0.068560852
11/9/2023,1.046916742
11/10/2023,-1.06196933
11/13/2023,-0.218562251
11/14/2023,-0.539972209
11/15/2023,0.095530429
11/16/2023,-0.224836383
11/17/2023,-0.122161294
11/20/2023,-0.827916234
11/21/2023,-0.019858776
11/22/2023,-0.00878676
11/24/2023,-0.050537499
11/27/2023,0.037387661
11/28/2023,-0.187193011
11/29/2023,0.555618295
11/30/2023,-0.201980982
12/1/2023,-0.730635426
12/4/2023,-0.239244071
12/5/2023,-0.294336417
12/6/2023,0.882715725
12/7/2023,-0.288898686
12/8/2023,-0.598964074
12/11/2023,-0.500334571
12/12/2023,-0.535060757
12/13/2023,-1.293894407
12/14/2023,0.103701587
12/15/2023,0.034080173
12/18/2023,-0.21019788
12/19/2023,-0.488857216
12/20/2023,1.202629148
12/21/2023,-0.290672149
12/22/2023,0.044314989
12/26/2023,-0.333281367
12/27/2023,-0.225056368
12/28/2023,0.039842937
12/29/2023,0.247642558
1/2/2024,-0.103776261
1/3/2024,0.348613827
1/4/2024,0.217806753
1/5/2024,-0.091985499
1/8/2024,-1.317168647
1/9/2024,-0.425966902
1/10/2024,-0.506156989
1/11/2024,0.259634835
1/12/2024,0.242759712
1/16/2024,0.069439253
1/17/2024,-0.099614682
1/18/2024,-0.523191483
1/19/2024,-1.000732557
1/22/2024,0.115699673
1/23/2024,-0.175611037
1/24/2024,0.496091308
1/25/2024,-0.09229501
1/26/2024,0.036914621
1/29/2024,-0.725806885
1/30/2024,-0.067273524
1/31/2024,1.17473498
2/1/2024,-0.942988868
2/2/2024,-0.959871757
2/5/2024,0.232939836
2/6/2024,-0.093212435
2/7/2024,-0.364705508
2/8/2024,-0.044168038
2/9/2024,-0.473100798
2/12/2024,0.037911686
2/13/2024,0.090997917
2/14/2024,-0.358299879
2/15/2024,-0.544773769
2/16/2024,0.436516234
2/20/2024,0.192877722
2/21/2024,-0.361305146
2/22/2024,-0.692444581
2/23/2024,0.278827151
2/26/2024,0.454455647
2/27/2024,-0.045388
2/28/2024,-0.18404271
2/29/2024,-0.001964296
3/1/2024,-0.760337325
3/4/2024,-0.052723275
3/5/2024,0.599717204
3/6/2024,0.156691415
3/7/2024,-0.325443924
3/8/2024,0.725569557
3/11/2024,-0.156712894
3/12/2024,-0.648557196
3/13/2024,0.22045871
3/14/2024,0.390730432
3/15/2024,0.074479921
3/18/2024,0.221792802
3/19/2024,-0.695108432
3/20/2024,-0.913189952
3/21/2024,0.227364483
3/22/2024,0.172370387
3/25/2024,0.005765294
3/26/2024,0.464282964
3/27/2024,-0.279841471
3/28/2024,0.026760764
4/1/2024,0.318805719
